TimeQuest Timing Analyzer report for etapa_mcd
Wed Sep  9 12:55:49 2026
Quartus II 64-Bit Version 13.0.1 Build 232 06/12/2013 Service Pack 1 SJ Web Edition


---------------------
; Table of Contents ;
---------------------
  1. Legal Notice
  2. TimeQuest Timing Analyzer Summary
  3. Parallel Compilation
  4. Clocks
  5. Slow 1200mV 85C Model Fmax Summary
  6. Timing Closure Recommendations
  7. Slow 1200mV 85C Model Setup Summary
  8. Slow 1200mV 85C Model Hold Summary
  9. Slow 1200mV 85C Model Recovery Summary
 10. Slow 1200mV 85C Model Removal Summary
 11. Slow 1200mV 85C Model Minimum Pulse Width Summary
 12. Slow 1200mV 85C Model Setup: 'reloj'
 13. Slow 1200mV 85C Model Hold: 'reloj'
 14. Slow 1200mV 85C Model Minimum Pulse Width: 'reloj'
 15. Setup Times
 16. Hold Times
 17. Clock to Output Times
 18. Minimum Clock to Output Times
 19. Propagation Delay
 20. Minimum Propagation Delay
 21. Slow 1200mV 85C Model Metastability Report
 22. Slow 1200mV 0C Model Fmax Summary
 23. Slow 1200mV 0C Model Setup Summary
 24. Slow 1200mV 0C Model Hold Summary
 25. Slow 1200mV 0C Model Recovery Summary
 26. Slow 1200mV 0C Model Removal Summary
 27. Slow 1200mV 0C Model Minimum Pulse Width Summary
 28. Slow 1200mV 0C Model Setup: 'reloj'
 29. Slow 1200mV 0C Model Hold: 'reloj'
 30. Slow 1200mV 0C Model Minimum Pulse Width: 'reloj'
 31. Setup Times
 32. Hold Times
 33. Clock to Output Times
 34. Minimum Clock to Output Times
 35. Propagation Delay
 36. Minimum Propagation Delay
 37. Slow 1200mV 0C Model Metastability Report
 38. Fast 1200mV 0C Model Setup Summary
 39. Fast 1200mV 0C Model Hold Summary
 40. Fast 1200mV 0C Model Recovery Summary
 41. Fast 1200mV 0C Model Removal Summary
 42. Fast 1200mV 0C Model Minimum Pulse Width Summary
 43. Fast 1200mV 0C Model Setup: 'reloj'
 44. Fast 1200mV 0C Model Hold: 'reloj'
 45. Fast 1200mV 0C Model Minimum Pulse Width: 'reloj'
 46. Setup Times
 47. Hold Times
 48. Clock to Output Times
 49. Minimum Clock to Output Times
 50. Propagation Delay
 51. Minimum Propagation Delay
 52. Fast 1200mV 0C Model Metastability Report
 53. Multicorner Timing Analysis Summary
 54. Setup Times
 55. Hold Times
 56. Clock to Output Times
 57. Minimum Clock to Output Times
 58. Progagation Delay
 59. Minimum Progagation Delay
 60. Board Trace Model Assignments
 61. Input Transition Times
 62. Signal Integrity Metrics (Slow 1200mv 0c Model)
 63. Signal Integrity Metrics (Slow 1200mv 85c Model)
 64. Signal Integrity Metrics (Fast 1200mv 0c Model)
 65. Setup Transfers
 66. Hold Transfers
 67. Report TCCS
 68. Report RSKM
 69. Unconstrained Paths
 70. TimeQuest Timing Analyzer Messages



----------------
; Legal Notice ;
----------------
Copyright (C) 1991-2013 Altera Corporation
Your use of Altera Corporation's design tools, logic functions 
and other software and tools, and its AMPP partner logic 
functions, and any output files from any of the foregoing 
(including device programming or simulation files), and any 
associated documentation or information are expressly subject 
to the terms and conditions of the Altera Program License 
Subscription Agreement, Altera MegaCore Function License 
Agreement, or other applicable license agreement, including, 
without limitation, that your use is for the sole purpose of 
programming logic devices manufactured by Altera and sold by 
Altera or its authorized distributors.  Please refer to the 
applicable agreement for further details.



+----------------------------------------------------------------------------------------+
; TimeQuest Timing Analyzer Summary                                                      ;
+--------------------+-------------------------------------------------------------------+
; Quartus II Version ; Version 13.0.1 Build 232 06/12/2013 Service Pack 1 SJ Web Edition ;
; Revision Name      ; etapa_mcd                                                         ;
; Device Family      ; Cyclone IV GX                                                     ;
; Device Name        ; EP4CGX30CF23C6                                                    ;
; Timing Models      ; Final                                                             ;
; Delay Model        ; Combined                                                          ;
; Rise/Fall Delays   ; Enabled                                                           ;
+--------------------+-------------------------------------------------------------------+


Parallel compilation was disabled, but you have multiple processors available. Enable parallel compilation to reduce compilation time.
+-------------------------------------+
; Parallel Compilation                ;
+----------------------------+--------+
; Processors                 ; Number ;
+----------------------------+--------+
; Number detected on machine ; 4      ;
; Maximum allowed            ; 1      ;
+----------------------------+--------+


+-----------------------------------------------------------------------------------------------------------------------------------------------------------------------------------+
; Clocks                                                                                                                                                                            ;
+------------+------+--------+------------+-------+-------+------------+-----------+-------------+-------+--------+-----------+------------+----------+--------+--------+-----------+
; Clock Name ; Type ; Period ; Frequency  ; Rise  ; Fall  ; Duty Cycle ; Divide by ; Multiply by ; Phase ; Offset ; Edge List ; Edge Shift ; Inverted ; Master ; Source ; Targets   ;
+------------+------+--------+------------+-------+-------+------------+-----------+-------------+-------+--------+-----------+------------+----------+--------+--------+-----------+
; reloj      ; Base ; 1.000  ; 1000.0 MHz ; 0.000 ; 0.500 ;            ;           ;             ;       ;        ;           ;            ;          ;        ;        ; { reloj } ;
+------------+------+--------+------------+-------+-------+------------+-----------+-------------+-------+--------+-----------+------------+----------+--------+--------+-----------+


+--------------------------------------------------+
; Slow 1200mV 85C Model Fmax Summary               ;
+------------+-----------------+------------+------+
; Fmax       ; Restricted Fmax ; Clock Name ; Note ;
+------------+-----------------+------------+------+
; 225.38 MHz ; 225.38 MHz      ; reloj      ;      ;
+------------+-----------------+------------+------+
This panel reports FMAX for every clock in the design, regardless of the user-specified clock periods.  FMAX is only computed for paths where the source and destination registers or ports are driven by the same clock.  Paths of different clocks, including generated clocks, are ignored.  For paths between a clock and its inversion, FMAX is computed as if the rising and falling edges are scaled along with FMAX, such that the duty cycle (in terms of a percentage) is maintained. Altera recommends that you always use clock constraints and other slack reports for sign-off analysis.


----------------------------------
; Timing Closure Recommendations ;
----------------------------------
HTML report is unavailable in plain text report export.


+-------------------------------------+
; Slow 1200mV 85C Model Setup Summary ;
+-------+--------+--------------------+
; Clock ; Slack  ; End Point TNS      ;
+-------+--------+--------------------+
; reloj ; -3.437 ; -59.705            ;
+-------+--------+--------------------+


+------------------------------------+
; Slow 1200mV 85C Model Hold Summary ;
+-------+-------+--------------------+
; Clock ; Slack ; End Point TNS      ;
+-------+-------+--------------------+
; reloj ; 0.330 ; 0.000              ;
+-------+-------+--------------------+


------------------------------------------
; Slow 1200mV 85C Model Recovery Summary ;
------------------------------------------
No paths to report.


-----------------------------------------
; Slow 1200mV 85C Model Removal Summary ;
-----------------------------------------
No paths to report.


+---------------------------------------------------+
; Slow 1200mV 85C Model Minimum Pulse Width Summary ;
+-------+--------+----------------------------------+
; Clock ; Slack  ; End Point TNS                    ;
+-------+--------+----------------------------------+
; reloj ; -3.000 ; -22.000                          ;
+-------+--------+----------------------------------+


+--------------------------------------------------------------------------------------------------------------------------------------------------------------------------+
; Slow 1200mV 85C Model Setup: 'reloj'                                                                                                                                     ;
+--------+---------------------------------------------+---------------------------------------------+--------------+-------------+--------------+------------+------------+
; Slack  ; From Node                                   ; To Node                                     ; Launch Clock ; Latch Clock ; Relationship ; Clock Skew ; Data Delay ;
+--------+---------------------------------------------+---------------------------------------------+--------------+-------------+--------------+------------+------------+
; -3.437 ; mcd:pr_mcd|camino_mcd:cam|RD_N_pe:regb|s[0] ; mcd:pr_mcd|camino_mcd:cam|RD_N_pe:regb|s[1] ; reloj        ; reloj       ; 1.000        ; -0.075     ; 4.357      ;
; -3.437 ; mcd:pr_mcd|camino_mcd:cam|RD_N_pe:regb|s[0] ; mcd:pr_mcd|camino_mcd:cam|RD_N_pe:rega|s[1] ; reloj        ; reloj       ; 1.000        ; -0.075     ; 4.357      ;
; -3.437 ; mcd:pr_mcd|camino_mcd:cam|RD_N_pe:regb|s[0] ; mcd:pr_mcd|camino_mcd:cam|RD_N_pe:regb|s[2] ; reloj        ; reloj       ; 1.000        ; -0.075     ; 4.357      ;
; -3.437 ; mcd:pr_mcd|camino_mcd:cam|RD_N_pe:regb|s[0] ; mcd:pr_mcd|camino_mcd:cam|RD_N_pe:rega|s[2] ; reloj        ; reloj       ; 1.000        ; -0.075     ; 4.357      ;
; -3.437 ; mcd:pr_mcd|camino_mcd:cam|RD_N_pe:regb|s[0] ; mcd:pr_mcd|camino_mcd:cam|RD_N_pe:rega|s[3] ; reloj        ; reloj       ; 1.000        ; -0.075     ; 4.357      ;
; -3.437 ; mcd:pr_mcd|camino_mcd:cam|RD_N_pe:regb|s[0] ; mcd:pr_mcd|camino_mcd:cam|RD_N_pe:rega|s[4] ; reloj        ; reloj       ; 1.000        ; -0.075     ; 4.357      ;
; -3.437 ; mcd:pr_mcd|camino_mcd:cam|RD_N_pe:regb|s[0] ; mcd:pr_mcd|camino_mcd:cam|RD_N_pe:rega|s[6] ; reloj        ; reloj       ; 1.000        ; -0.075     ; 4.357      ;
; -3.437 ; mcd:pr_mcd|camino_mcd:cam|RD_N_pe:regb|s[0] ; mcd:pr_mcd|camino_mcd:cam|RD_N_pe:rega|s[0] ; reloj        ; reloj       ; 1.000        ; -0.075     ; 4.357      ;
; -3.437 ; mcd:pr_mcd|camino_mcd:cam|RD_N_pe:regb|s[0] ; mcd:pr_mcd|camino_mcd:cam|RD_N_pe:regb|s[0] ; reloj        ; reloj       ; 1.000        ; -0.075     ; 4.357      ;
; -3.346 ; mcd:pr_mcd|camino_mcd:cam|RD_N_pe:regb|s[3] ; mcd:pr_mcd|camino_mcd:cam|RD_N_pe:regb|s[1] ; reloj        ; reloj       ; 1.000        ; -0.418     ; 3.923      ;
; -3.346 ; mcd:pr_mcd|camino_mcd:cam|RD_N_pe:regb|s[3] ; mcd:pr_mcd|camino_mcd:cam|RD_N_pe:rega|s[1] ; reloj        ; reloj       ; 1.000        ; -0.418     ; 3.923      ;
; -3.346 ; mcd:pr_mcd|camino_mcd:cam|RD_N_pe:regb|s[3] ; mcd:pr_mcd|camino_mcd:cam|RD_N_pe:regb|s[2] ; reloj        ; reloj       ; 1.000        ; -0.418     ; 3.923      ;
; -3.346 ; mcd:pr_mcd|camino_mcd:cam|RD_N_pe:regb|s[3] ; mcd:pr_mcd|camino_mcd:cam|RD_N_pe:rega|s[2] ; reloj        ; reloj       ; 1.000        ; -0.418     ; 3.923      ;
; -3.346 ; mcd:pr_mcd|camino_mcd:cam|RD_N_pe:regb|s[3] ; mcd:pr_mcd|camino_mcd:cam|RD_N_pe:rega|s[3] ; reloj        ; reloj       ; 1.000        ; -0.418     ; 3.923      ;
; -3.346 ; mcd:pr_mcd|camino_mcd:cam|RD_N_pe:regb|s[3] ; mcd:pr_mcd|camino_mcd:cam|RD_N_pe:rega|s[4] ; reloj        ; reloj       ; 1.000        ; -0.418     ; 3.923      ;
; -3.346 ; mcd:pr_mcd|camino_mcd:cam|RD_N_pe:regb|s[3] ; mcd:pr_mcd|camino_mcd:cam|RD_N_pe:rega|s[6] ; reloj        ; reloj       ; 1.000        ; -0.418     ; 3.923      ;
; -3.346 ; mcd:pr_mcd|camino_mcd:cam|RD_N_pe:regb|s[3] ; mcd:pr_mcd|camino_mcd:cam|RD_N_pe:rega|s[0] ; reloj        ; reloj       ; 1.000        ; -0.418     ; 3.923      ;
; -3.346 ; mcd:pr_mcd|camino_mcd:cam|RD_N_pe:regb|s[3] ; mcd:pr_mcd|camino_mcd:cam|RD_N_pe:regb|s[0] ; reloj        ; reloj       ; 1.000        ; -0.418     ; 3.923      ;
; -3.328 ; mcd:pr_mcd|camino_mcd:cam|RD_N_pe:rega|s[0] ; mcd:pr_mcd|camino_mcd:cam|RD_N_pe:regb|s[1] ; reloj        ; reloj       ; 1.000        ; -0.075     ; 4.248      ;
; -3.328 ; mcd:pr_mcd|camino_mcd:cam|RD_N_pe:rega|s[0] ; mcd:pr_mcd|camino_mcd:cam|RD_N_pe:rega|s[1] ; reloj        ; reloj       ; 1.000        ; -0.075     ; 4.248      ;
; -3.328 ; mcd:pr_mcd|camino_mcd:cam|RD_N_pe:rega|s[0] ; mcd:pr_mcd|camino_mcd:cam|RD_N_pe:regb|s[2] ; reloj        ; reloj       ; 1.000        ; -0.075     ; 4.248      ;
; -3.328 ; mcd:pr_mcd|camino_mcd:cam|RD_N_pe:rega|s[0] ; mcd:pr_mcd|camino_mcd:cam|RD_N_pe:rega|s[2] ; reloj        ; reloj       ; 1.000        ; -0.075     ; 4.248      ;
; -3.328 ; mcd:pr_mcd|camino_mcd:cam|RD_N_pe:rega|s[0] ; mcd:pr_mcd|camino_mcd:cam|RD_N_pe:rega|s[3] ; reloj        ; reloj       ; 1.000        ; -0.075     ; 4.248      ;
; -3.328 ; mcd:pr_mcd|camino_mcd:cam|RD_N_pe:rega|s[0] ; mcd:pr_mcd|camino_mcd:cam|RD_N_pe:rega|s[4] ; reloj        ; reloj       ; 1.000        ; -0.075     ; 4.248      ;
; -3.328 ; mcd:pr_mcd|camino_mcd:cam|RD_N_pe:rega|s[0] ; mcd:pr_mcd|camino_mcd:cam|RD_N_pe:rega|s[6] ; reloj        ; reloj       ; 1.000        ; -0.075     ; 4.248      ;
; -3.328 ; mcd:pr_mcd|camino_mcd:cam|RD_N_pe:rega|s[0] ; mcd:pr_mcd|camino_mcd:cam|RD_N_pe:rega|s[0] ; reloj        ; reloj       ; 1.000        ; -0.075     ; 4.248      ;
; -3.328 ; mcd:pr_mcd|camino_mcd:cam|RD_N_pe:rega|s[0] ; mcd:pr_mcd|camino_mcd:cam|RD_N_pe:regb|s[0] ; reloj        ; reloj       ; 1.000        ; -0.075     ; 4.248      ;
; -3.287 ; mcd:pr_mcd|camino_mcd:cam|RD_N_pe:rega|s[5] ; mcd:pr_mcd|camino_mcd:cam|RD_N_pe:regb|s[1] ; reloj        ; reloj       ; 1.000        ; -0.421     ; 3.861      ;
; -3.287 ; mcd:pr_mcd|camino_mcd:cam|RD_N_pe:rega|s[5] ; mcd:pr_mcd|camino_mcd:cam|RD_N_pe:rega|s[1] ; reloj        ; reloj       ; 1.000        ; -0.421     ; 3.861      ;
; -3.287 ; mcd:pr_mcd|camino_mcd:cam|RD_N_pe:rega|s[5] ; mcd:pr_mcd|camino_mcd:cam|RD_N_pe:regb|s[2] ; reloj        ; reloj       ; 1.000        ; -0.421     ; 3.861      ;
; -3.287 ; mcd:pr_mcd|camino_mcd:cam|RD_N_pe:rega|s[5] ; mcd:pr_mcd|camino_mcd:cam|RD_N_pe:rega|s[2] ; reloj        ; reloj       ; 1.000        ; -0.421     ; 3.861      ;
; -3.287 ; mcd:pr_mcd|camino_mcd:cam|RD_N_pe:rega|s[5] ; mcd:pr_mcd|camino_mcd:cam|RD_N_pe:rega|s[3] ; reloj        ; reloj       ; 1.000        ; -0.421     ; 3.861      ;
; -3.287 ; mcd:pr_mcd|camino_mcd:cam|RD_N_pe:rega|s[5] ; mcd:pr_mcd|camino_mcd:cam|RD_N_pe:rega|s[4] ; reloj        ; reloj       ; 1.000        ; -0.421     ; 3.861      ;
; -3.287 ; mcd:pr_mcd|camino_mcd:cam|RD_N_pe:rega|s[5] ; mcd:pr_mcd|camino_mcd:cam|RD_N_pe:rega|s[6] ; reloj        ; reloj       ; 1.000        ; -0.421     ; 3.861      ;
; -3.287 ; mcd:pr_mcd|camino_mcd:cam|RD_N_pe:rega|s[5] ; mcd:pr_mcd|camino_mcd:cam|RD_N_pe:rega|s[0] ; reloj        ; reloj       ; 1.000        ; -0.421     ; 3.861      ;
; -3.287 ; mcd:pr_mcd|camino_mcd:cam|RD_N_pe:rega|s[5] ; mcd:pr_mcd|camino_mcd:cam|RD_N_pe:regb|s[0] ; reloj        ; reloj       ; 1.000        ; -0.421     ; 3.861      ;
; -3.259 ; mcd:pr_mcd|camino_mcd:cam|RD_N_pe:regb|s[0] ; mcd:pr_mcd|camino_mcd:cam|RD_N_pe:regb|s[6] ; reloj        ; reloj       ; 1.000        ; 0.254      ; 4.508      ;
; -3.259 ; mcd:pr_mcd|camino_mcd:cam|RD_N_pe:regb|s[0] ; mcd:pr_mcd|camino_mcd:cam|RD_N_pe:regb|s[3] ; reloj        ; reloj       ; 1.000        ; 0.254      ; 4.508      ;
; -3.259 ; mcd:pr_mcd|camino_mcd:cam|RD_N_pe:regb|s[0] ; mcd:pr_mcd|camino_mcd:cam|RD_N_pe:regb|s[4] ; reloj        ; reloj       ; 1.000        ; 0.254      ; 4.508      ;
; -3.259 ; mcd:pr_mcd|camino_mcd:cam|RD_N_pe:regb|s[0] ; mcd:pr_mcd|camino_mcd:cam|RD_N_pe:regb|s[5] ; reloj        ; reloj       ; 1.000        ; 0.254      ; 4.508      ;
; -3.254 ; mcd:pr_mcd|camino_mcd:cam|RD_N_pe:rega|s[2] ; mcd:pr_mcd|camino_mcd:cam|RD_N_pe:regb|s[1] ; reloj        ; reloj       ; 1.000        ; -0.075     ; 4.174      ;
; -3.254 ; mcd:pr_mcd|camino_mcd:cam|RD_N_pe:rega|s[2] ; mcd:pr_mcd|camino_mcd:cam|RD_N_pe:rega|s[1] ; reloj        ; reloj       ; 1.000        ; -0.075     ; 4.174      ;
; -3.254 ; mcd:pr_mcd|camino_mcd:cam|RD_N_pe:rega|s[2] ; mcd:pr_mcd|camino_mcd:cam|RD_N_pe:regb|s[2] ; reloj        ; reloj       ; 1.000        ; -0.075     ; 4.174      ;
; -3.254 ; mcd:pr_mcd|camino_mcd:cam|RD_N_pe:rega|s[2] ; mcd:pr_mcd|camino_mcd:cam|RD_N_pe:rega|s[2] ; reloj        ; reloj       ; 1.000        ; -0.075     ; 4.174      ;
; -3.254 ; mcd:pr_mcd|camino_mcd:cam|RD_N_pe:rega|s[2] ; mcd:pr_mcd|camino_mcd:cam|RD_N_pe:rega|s[3] ; reloj        ; reloj       ; 1.000        ; -0.075     ; 4.174      ;
; -3.254 ; mcd:pr_mcd|camino_mcd:cam|RD_N_pe:rega|s[2] ; mcd:pr_mcd|camino_mcd:cam|RD_N_pe:rega|s[4] ; reloj        ; reloj       ; 1.000        ; -0.075     ; 4.174      ;
; -3.254 ; mcd:pr_mcd|camino_mcd:cam|RD_N_pe:rega|s[2] ; mcd:pr_mcd|camino_mcd:cam|RD_N_pe:rega|s[6] ; reloj        ; reloj       ; 1.000        ; -0.075     ; 4.174      ;
; -3.254 ; mcd:pr_mcd|camino_mcd:cam|RD_N_pe:rega|s[2] ; mcd:pr_mcd|camino_mcd:cam|RD_N_pe:rega|s[0] ; reloj        ; reloj       ; 1.000        ; -0.075     ; 4.174      ;
; -3.254 ; mcd:pr_mcd|camino_mcd:cam|RD_N_pe:rega|s[2] ; mcd:pr_mcd|camino_mcd:cam|RD_N_pe:regb|s[0] ; reloj        ; reloj       ; 1.000        ; -0.075     ; 4.174      ;
; -3.252 ; mcd:pr_mcd|camino_mcd:cam|RD_N_pe:rega|s[4] ; mcd:pr_mcd|camino_mcd:cam|RD_N_pe:regb|s[1] ; reloj        ; reloj       ; 1.000        ; -0.075     ; 4.172      ;
; -3.252 ; mcd:pr_mcd|camino_mcd:cam|RD_N_pe:rega|s[4] ; mcd:pr_mcd|camino_mcd:cam|RD_N_pe:rega|s[1] ; reloj        ; reloj       ; 1.000        ; -0.075     ; 4.172      ;
; -3.252 ; mcd:pr_mcd|camino_mcd:cam|RD_N_pe:rega|s[4] ; mcd:pr_mcd|camino_mcd:cam|RD_N_pe:regb|s[2] ; reloj        ; reloj       ; 1.000        ; -0.075     ; 4.172      ;
; -3.252 ; mcd:pr_mcd|camino_mcd:cam|RD_N_pe:rega|s[4] ; mcd:pr_mcd|camino_mcd:cam|RD_N_pe:rega|s[2] ; reloj        ; reloj       ; 1.000        ; -0.075     ; 4.172      ;
; -3.252 ; mcd:pr_mcd|camino_mcd:cam|RD_N_pe:rega|s[4] ; mcd:pr_mcd|camino_mcd:cam|RD_N_pe:rega|s[3] ; reloj        ; reloj       ; 1.000        ; -0.075     ; 4.172      ;
; -3.252 ; mcd:pr_mcd|camino_mcd:cam|RD_N_pe:rega|s[4] ; mcd:pr_mcd|camino_mcd:cam|RD_N_pe:rega|s[4] ; reloj        ; reloj       ; 1.000        ; -0.075     ; 4.172      ;
; -3.252 ; mcd:pr_mcd|camino_mcd:cam|RD_N_pe:rega|s[4] ; mcd:pr_mcd|camino_mcd:cam|RD_N_pe:rega|s[6] ; reloj        ; reloj       ; 1.000        ; -0.075     ; 4.172      ;
; -3.252 ; mcd:pr_mcd|camino_mcd:cam|RD_N_pe:rega|s[4] ; mcd:pr_mcd|camino_mcd:cam|RD_N_pe:rega|s[0] ; reloj        ; reloj       ; 1.000        ; -0.075     ; 4.172      ;
; -3.252 ; mcd:pr_mcd|camino_mcd:cam|RD_N_pe:rega|s[4] ; mcd:pr_mcd|camino_mcd:cam|RD_N_pe:regb|s[0] ; reloj        ; reloj       ; 1.000        ; -0.075     ; 4.172      ;
; -3.230 ; mcd:pr_mcd|camino_mcd:cam|RD_N_pe:regb|s[1] ; mcd:pr_mcd|camino_mcd:cam|RD_N_pe:regb|s[1] ; reloj        ; reloj       ; 1.000        ; -0.075     ; 4.150      ;
; -3.230 ; mcd:pr_mcd|camino_mcd:cam|RD_N_pe:regb|s[1] ; mcd:pr_mcd|camino_mcd:cam|RD_N_pe:rega|s[1] ; reloj        ; reloj       ; 1.000        ; -0.075     ; 4.150      ;
; -3.230 ; mcd:pr_mcd|camino_mcd:cam|RD_N_pe:regb|s[1] ; mcd:pr_mcd|camino_mcd:cam|RD_N_pe:regb|s[2] ; reloj        ; reloj       ; 1.000        ; -0.075     ; 4.150      ;
; -3.230 ; mcd:pr_mcd|camino_mcd:cam|RD_N_pe:regb|s[1] ; mcd:pr_mcd|camino_mcd:cam|RD_N_pe:rega|s[2] ; reloj        ; reloj       ; 1.000        ; -0.075     ; 4.150      ;
; -3.230 ; mcd:pr_mcd|camino_mcd:cam|RD_N_pe:regb|s[1] ; mcd:pr_mcd|camino_mcd:cam|RD_N_pe:rega|s[3] ; reloj        ; reloj       ; 1.000        ; -0.075     ; 4.150      ;
; -3.230 ; mcd:pr_mcd|camino_mcd:cam|RD_N_pe:regb|s[1] ; mcd:pr_mcd|camino_mcd:cam|RD_N_pe:rega|s[4] ; reloj        ; reloj       ; 1.000        ; -0.075     ; 4.150      ;
; -3.230 ; mcd:pr_mcd|camino_mcd:cam|RD_N_pe:regb|s[1] ; mcd:pr_mcd|camino_mcd:cam|RD_N_pe:rega|s[6] ; reloj        ; reloj       ; 1.000        ; -0.075     ; 4.150      ;
; -3.230 ; mcd:pr_mcd|camino_mcd:cam|RD_N_pe:regb|s[1] ; mcd:pr_mcd|camino_mcd:cam|RD_N_pe:rega|s[0] ; reloj        ; reloj       ; 1.000        ; -0.075     ; 4.150      ;
; -3.230 ; mcd:pr_mcd|camino_mcd:cam|RD_N_pe:regb|s[1] ; mcd:pr_mcd|camino_mcd:cam|RD_N_pe:regb|s[0] ; reloj        ; reloj       ; 1.000        ; -0.075     ; 4.150      ;
; -3.223 ; mcd:pr_mcd|camino_mcd:cam|RD_N_pe:regb|s[5] ; mcd:pr_mcd|camino_mcd:cam|RD_N_pe:regb|s[1] ; reloj        ; reloj       ; 1.000        ; -0.418     ; 3.800      ;
; -3.223 ; mcd:pr_mcd|camino_mcd:cam|RD_N_pe:regb|s[5] ; mcd:pr_mcd|camino_mcd:cam|RD_N_pe:rega|s[1] ; reloj        ; reloj       ; 1.000        ; -0.418     ; 3.800      ;
; -3.223 ; mcd:pr_mcd|camino_mcd:cam|RD_N_pe:regb|s[5] ; mcd:pr_mcd|camino_mcd:cam|RD_N_pe:regb|s[2] ; reloj        ; reloj       ; 1.000        ; -0.418     ; 3.800      ;
; -3.223 ; mcd:pr_mcd|camino_mcd:cam|RD_N_pe:regb|s[5] ; mcd:pr_mcd|camino_mcd:cam|RD_N_pe:rega|s[2] ; reloj        ; reloj       ; 1.000        ; -0.418     ; 3.800      ;
; -3.223 ; mcd:pr_mcd|camino_mcd:cam|RD_N_pe:regb|s[5] ; mcd:pr_mcd|camino_mcd:cam|RD_N_pe:rega|s[3] ; reloj        ; reloj       ; 1.000        ; -0.418     ; 3.800      ;
; -3.223 ; mcd:pr_mcd|camino_mcd:cam|RD_N_pe:regb|s[5] ; mcd:pr_mcd|camino_mcd:cam|RD_N_pe:rega|s[4] ; reloj        ; reloj       ; 1.000        ; -0.418     ; 3.800      ;
; -3.223 ; mcd:pr_mcd|camino_mcd:cam|RD_N_pe:regb|s[5] ; mcd:pr_mcd|camino_mcd:cam|RD_N_pe:rega|s[6] ; reloj        ; reloj       ; 1.000        ; -0.418     ; 3.800      ;
; -3.223 ; mcd:pr_mcd|camino_mcd:cam|RD_N_pe:regb|s[5] ; mcd:pr_mcd|camino_mcd:cam|RD_N_pe:rega|s[0] ; reloj        ; reloj       ; 1.000        ; -0.418     ; 3.800      ;
; -3.223 ; mcd:pr_mcd|camino_mcd:cam|RD_N_pe:regb|s[5] ; mcd:pr_mcd|camino_mcd:cam|RD_N_pe:regb|s[0] ; reloj        ; reloj       ; 1.000        ; -0.418     ; 3.800      ;
; -3.212 ; mcd:pr_mcd|camino_mcd:cam|RD_N_pe:regb|s[4] ; mcd:pr_mcd|camino_mcd:cam|RD_N_pe:regb|s[1] ; reloj        ; reloj       ; 1.000        ; -0.418     ; 3.789      ;
; -3.212 ; mcd:pr_mcd|camino_mcd:cam|RD_N_pe:regb|s[4] ; mcd:pr_mcd|camino_mcd:cam|RD_N_pe:rega|s[1] ; reloj        ; reloj       ; 1.000        ; -0.418     ; 3.789      ;
; -3.212 ; mcd:pr_mcd|camino_mcd:cam|RD_N_pe:regb|s[4] ; mcd:pr_mcd|camino_mcd:cam|RD_N_pe:regb|s[2] ; reloj        ; reloj       ; 1.000        ; -0.418     ; 3.789      ;
; -3.212 ; mcd:pr_mcd|camino_mcd:cam|RD_N_pe:regb|s[4] ; mcd:pr_mcd|camino_mcd:cam|RD_N_pe:rega|s[2] ; reloj        ; reloj       ; 1.000        ; -0.418     ; 3.789      ;
; -3.212 ; mcd:pr_mcd|camino_mcd:cam|RD_N_pe:regb|s[4] ; mcd:pr_mcd|camino_mcd:cam|RD_N_pe:rega|s[3] ; reloj        ; reloj       ; 1.000        ; -0.418     ; 3.789      ;
; -3.212 ; mcd:pr_mcd|camino_mcd:cam|RD_N_pe:regb|s[4] ; mcd:pr_mcd|camino_mcd:cam|RD_N_pe:rega|s[4] ; reloj        ; reloj       ; 1.000        ; -0.418     ; 3.789      ;
; -3.212 ; mcd:pr_mcd|camino_mcd:cam|RD_N_pe:regb|s[4] ; mcd:pr_mcd|camino_mcd:cam|RD_N_pe:rega|s[6] ; reloj        ; reloj       ; 1.000        ; -0.418     ; 3.789      ;
; -3.212 ; mcd:pr_mcd|camino_mcd:cam|RD_N_pe:regb|s[4] ; mcd:pr_mcd|camino_mcd:cam|RD_N_pe:rega|s[0] ; reloj        ; reloj       ; 1.000        ; -0.418     ; 3.789      ;
; -3.212 ; mcd:pr_mcd|camino_mcd:cam|RD_N_pe:regb|s[4] ; mcd:pr_mcd|camino_mcd:cam|RD_N_pe:regb|s[0] ; reloj        ; reloj       ; 1.000        ; -0.418     ; 3.789      ;
; -3.176 ; mcd:pr_mcd|camino_mcd:cam|RD_N_pe:rega|s[6] ; mcd:pr_mcd|camino_mcd:cam|RD_N_pe:regb|s[1] ; reloj        ; reloj       ; 1.000        ; -0.075     ; 4.096      ;
; -3.176 ; mcd:pr_mcd|camino_mcd:cam|RD_N_pe:rega|s[6] ; mcd:pr_mcd|camino_mcd:cam|RD_N_pe:rega|s[1] ; reloj        ; reloj       ; 1.000        ; -0.075     ; 4.096      ;
; -3.176 ; mcd:pr_mcd|camino_mcd:cam|RD_N_pe:rega|s[6] ; mcd:pr_mcd|camino_mcd:cam|RD_N_pe:regb|s[2] ; reloj        ; reloj       ; 1.000        ; -0.075     ; 4.096      ;
; -3.176 ; mcd:pr_mcd|camino_mcd:cam|RD_N_pe:rega|s[6] ; mcd:pr_mcd|camino_mcd:cam|RD_N_pe:rega|s[2] ; reloj        ; reloj       ; 1.000        ; -0.075     ; 4.096      ;
; -3.176 ; mcd:pr_mcd|camino_mcd:cam|RD_N_pe:rega|s[6] ; mcd:pr_mcd|camino_mcd:cam|RD_N_pe:rega|s[3] ; reloj        ; reloj       ; 1.000        ; -0.075     ; 4.096      ;
; -3.176 ; mcd:pr_mcd|camino_mcd:cam|RD_N_pe:rega|s[6] ; mcd:pr_mcd|camino_mcd:cam|RD_N_pe:rega|s[4] ; reloj        ; reloj       ; 1.000        ; -0.075     ; 4.096      ;
; -3.176 ; mcd:pr_mcd|camino_mcd:cam|RD_N_pe:rega|s[6] ; mcd:pr_mcd|camino_mcd:cam|RD_N_pe:rega|s[6] ; reloj        ; reloj       ; 1.000        ; -0.075     ; 4.096      ;
; -3.176 ; mcd:pr_mcd|camino_mcd:cam|RD_N_pe:rega|s[6] ; mcd:pr_mcd|camino_mcd:cam|RD_N_pe:rega|s[0] ; reloj        ; reloj       ; 1.000        ; -0.075     ; 4.096      ;
; -3.176 ; mcd:pr_mcd|camino_mcd:cam|RD_N_pe:rega|s[6] ; mcd:pr_mcd|camino_mcd:cam|RD_N_pe:regb|s[0] ; reloj        ; reloj       ; 1.000        ; -0.075     ; 4.096      ;
; -3.168 ; mcd:pr_mcd|camino_mcd:cam|RD_N_pe:regb|s[3] ; mcd:pr_mcd|camino_mcd:cam|RD_N_pe:regb|s[6] ; reloj        ; reloj       ; 1.000        ; -0.089     ; 4.074      ;
; -3.168 ; mcd:pr_mcd|camino_mcd:cam|RD_N_pe:regb|s[3] ; mcd:pr_mcd|camino_mcd:cam|RD_N_pe:regb|s[3] ; reloj        ; reloj       ; 1.000        ; -0.089     ; 4.074      ;
; -3.168 ; mcd:pr_mcd|camino_mcd:cam|RD_N_pe:regb|s[3] ; mcd:pr_mcd|camino_mcd:cam|RD_N_pe:regb|s[4] ; reloj        ; reloj       ; 1.000        ; -0.089     ; 4.074      ;
; -3.168 ; mcd:pr_mcd|camino_mcd:cam|RD_N_pe:regb|s[3] ; mcd:pr_mcd|camino_mcd:cam|RD_N_pe:regb|s[5] ; reloj        ; reloj       ; 1.000        ; -0.089     ; 4.074      ;
; -3.158 ; mcd:pr_mcd|camino_mcd:cam|RD_N_pe:rega|s[1] ; mcd:pr_mcd|camino_mcd:cam|RD_N_pe:regb|s[1] ; reloj        ; reloj       ; 1.000        ; -0.075     ; 4.078      ;
; -3.158 ; mcd:pr_mcd|camino_mcd:cam|RD_N_pe:rega|s[1] ; mcd:pr_mcd|camino_mcd:cam|RD_N_pe:rega|s[1] ; reloj        ; reloj       ; 1.000        ; -0.075     ; 4.078      ;
+--------+---------------------------------------------+---------------------------------------------+--------------+-------------+--------------+------------+------------+


+-------------------------------------------------------------------------------------------------------------------------------------------------------------------------------------+
; Slow 1200mV 85C Model Hold: 'reloj'                                                                                                                                                 ;
+-------+---------------------------------------------------+---------------------------------------------------+--------------+-------------+--------------+------------+------------+
; Slack ; From Node                                         ; To Node                                           ; Launch Clock ; Latch Clock ; Relationship ; Clock Skew ; Data Delay ;
+-------+---------------------------------------------------+---------------------------------------------------+--------------+-------------+--------------+------------+------------+
; 0.330 ; mcd:pr_mcd|control:cnt|\reg_estado:v_estado.CALC  ; mcd:pr_mcd|control:cnt|\reg_estado:v_estado.CALC  ; reloj        ; reloj       ; 0.000        ; 0.090      ; 0.577      ;
; 0.331 ; mcd:pr_mcd|camino_mcd:cam|RD_N_pe:regb|s[6]       ; mcd:pr_mcd|camino_mcd:cam|RD_N_pe:regb|s[6]       ; reloj        ; reloj       ; 0.000        ; 0.089      ; 0.577      ;
; 0.331 ; mcd:pr_mcd|camino_mcd:cam|RD_N_pe:regb|s[3]       ; mcd:pr_mcd|camino_mcd:cam|RD_N_pe:regb|s[3]       ; reloj        ; reloj       ; 0.000        ; 0.089      ; 0.577      ;
; 0.331 ; mcd:pr_mcd|camino_mcd:cam|RD_N_pe:regb|s[4]       ; mcd:pr_mcd|camino_mcd:cam|RD_N_pe:regb|s[4]       ; reloj        ; reloj       ; 0.000        ; 0.089      ; 0.577      ;
; 0.331 ; mcd:pr_mcd|camino_mcd:cam|RD_N_pe:regb|s[5]       ; mcd:pr_mcd|camino_mcd:cam|RD_N_pe:regb|s[5]       ; reloj        ; reloj       ; 0.000        ; 0.089      ; 0.577      ;
; 0.332 ; mcd:pr_mcd|camino_mcd:cam|RD_N_pe:regb|s[7]       ; mcd:pr_mcd|camino_mcd:cam|RD_N_pe:regb|s[7]       ; reloj        ; reloj       ; 0.000        ; 0.088      ; 0.577      ;
; 0.339 ; mcd:pr_mcd|camino_mcd:cam|RD_N_pe:rega|s[3]       ; mcd:pr_mcd|camino_mcd:cam|RD_N_pe:regb|s[3]       ; reloj        ; reloj       ; 0.000        ; 0.418      ; 0.914      ;
; 0.345 ; mcd:pr_mcd|camino_mcd:cam|RD_N_pe:regb|s[1]       ; mcd:pr_mcd|camino_mcd:cam|RD_N_pe:regb|s[1]       ; reloj        ; reloj       ; 0.000        ; 0.075      ; 0.577      ;
; 0.345 ; mcd:pr_mcd|camino_mcd:cam|RD_N_pe:regb|s[2]       ; mcd:pr_mcd|camino_mcd:cam|RD_N_pe:regb|s[2]       ; reloj        ; reloj       ; 0.000        ; 0.075      ; 0.577      ;
; 0.345 ; mcd:pr_mcd|control:cnt|\reg_estado:v_estado.ESP   ; mcd:pr_mcd|control:cnt|\reg_estado:v_estado.ESP   ; reloj        ; reloj       ; 0.000        ; 0.075      ; 0.577      ;
; 0.345 ; mcd:pr_mcd|camino_mcd:cam|RD_N_pe:regb|s[0]       ; mcd:pr_mcd|camino_mcd:cam|RD_N_pe:regb|s[0]       ; reloj        ; reloj       ; 0.000        ; 0.075      ; 0.577      ;
; 0.373 ; mcd:pr_mcd|camino_mcd:cam|RD_N_pe:rega|s[6]       ; mcd:pr_mcd|camino_mcd:cam|RD_N_pe:regb|s[6]       ; reloj        ; reloj       ; 0.000        ; 0.418      ; 0.948      ;
; 0.380 ; mcd:pr_mcd|camino_mcd:cam|RD_N_pe:rega|s[4]       ; mcd:pr_mcd|camino_mcd:cam|RD_N_pe:regb|s[4]       ; reloj        ; reloj       ; 0.000        ; 0.418      ; 0.955      ;
; 0.565 ; mcd:pr_mcd|camino_mcd:cam|RD_N_pe:rega|s[2]       ; mcd:pr_mcd|camino_mcd:cam|RD_N_pe:regb|s[2]       ; reloj        ; reloj       ; 0.000        ; 0.075      ; 0.797      ;
; 0.582 ; mcd:pr_mcd|camino_mcd:cam|RD_N_pe:rega|s[1]       ; mcd:pr_mcd|camino_mcd:cam|RD_N_pe:regb|s[1]       ; reloj        ; reloj       ; 0.000        ; 0.075      ; 0.814      ;
; 0.685 ; mcd:pr_mcd|camino_mcd:cam|RD_N_pe:rega|s[7]       ; mcd:pr_mcd|camino_mcd:cam|RD_N_pe:regb|s[7]       ; reloj        ; reloj       ; 0.000        ; 0.088      ; 0.930      ;
; 0.706 ; mcd:pr_mcd|camino_mcd:cam|RD_N_pe:rega|s[5]       ; mcd:pr_mcd|camino_mcd:cam|RD_N_pe:regb|s[5]       ; reloj        ; reloj       ; 0.000        ; 0.085      ; 0.948      ;
; 0.715 ; mcd:pr_mcd|control:cnt|\reg_estado:v_estado.ESP   ; mcd:pr_mcd|control:cnt|\reg_estado:v_estado.CALC  ; reloj        ; reloj       ; 0.000        ; 0.446      ; 1.318      ;
; 0.726 ; mcd:pr_mcd|control:cnt|\reg_estado:v_estado.ESP   ; mcd:pr_mcd|control:cnt|\reg_estado:v_estado.HECHO ; reloj        ; reloj       ; 0.000        ; 0.446      ; 1.329      ;
; 0.818 ; mcd:pr_mcd|camino_mcd:cam|RD_N_pe:regb|s[7]       ; mcd:pr_mcd|camino_mcd:cam|RD_N_pe:rega|s[7]       ; reloj        ; reloj       ; 0.000        ; 0.088      ; 1.063      ;
; 0.827 ; mcd:pr_mcd|camino_mcd:cam|RD_N_pe:regb|s[1]       ; mcd:pr_mcd|camino_mcd:cam|RD_N_pe:rega|s[1]       ; reloj        ; reloj       ; 0.000        ; 0.075      ; 1.059      ;
; 0.830 ; mcd:pr_mcd|camino_mcd:cam|RD_N_pe:regb|s[2]       ; mcd:pr_mcd|camino_mcd:cam|RD_N_pe:rega|s[2]       ; reloj        ; reloj       ; 0.000        ; 0.075      ; 1.062      ;
; 0.843 ; mcd:pr_mcd|camino_mcd:cam|RD_N_pe:regb|s[0]       ; mcd:pr_mcd|camino_mcd:cam|RD_N_pe:rega|s[0]       ; reloj        ; reloj       ; 0.000        ; 0.075      ; 1.075      ;
; 0.846 ; mcd:pr_mcd|camino_mcd:cam|RD_N_pe:regb|s[7]       ; mcd:pr_mcd|camino_mcd:cam|RD_N_pe:regb|s[6]       ; reloj        ; reloj       ; 0.000        ; 0.085      ; 1.088      ;
; 0.846 ; mcd:pr_mcd|camino_mcd:cam|RD_N_pe:regb|s[7]       ; mcd:pr_mcd|camino_mcd:cam|RD_N_pe:regb|s[3]       ; reloj        ; reloj       ; 0.000        ; 0.085      ; 1.088      ;
; 0.847 ; mcd:pr_mcd|camino_mcd:cam|RD_N_pe:regb|s[7]       ; mcd:pr_mcd|camino_mcd:cam|RD_N_pe:regb|s[4]       ; reloj        ; reloj       ; 0.000        ; 0.085      ; 1.089      ;
; 0.847 ; mcd:pr_mcd|camino_mcd:cam|RD_N_pe:regb|s[7]       ; mcd:pr_mcd|camino_mcd:cam|RD_N_pe:regb|s[5]       ; reloj        ; reloj       ; 0.000        ; 0.085      ; 1.089      ;
; 0.855 ; mcd:pr_mcd|control:cnt|\reg_estado:v_estado.CALC  ; mcd:pr_mcd|control:cnt|\reg_estado:v_estado.HECHO ; reloj        ; reloj       ; 0.000        ; 0.090      ; 1.102      ;
; 0.868 ; mcd:pr_mcd|camino_mcd:cam|RD_N_pe:regb|s[2]       ; mcd:pr_mcd|camino_mcd:cam|RD_N_pe:rega|s[5]       ; reloj        ; reloj       ; 0.000        ; 0.421      ; 1.446      ;
; 0.884 ; mcd:pr_mcd|camino_mcd:cam|RD_N_pe:regb|s[1]       ; mcd:pr_mcd|camino_mcd:cam|RD_N_pe:rega|s[5]       ; reloj        ; reloj       ; 0.000        ; 0.421      ; 1.462      ;
; 0.892 ; mcd:pr_mcd|control:cnt|\reg_estado:v_estado.ESP   ; mcd:pr_mcd|camino_mcd:cam|RD_N_pe:rega|s[5]       ; reloj        ; reloj       ; 0.000        ; 0.421      ; 1.470      ;
; 0.892 ; mcd:pr_mcd|control:cnt|\reg_estado:v_estado.ESP   ; mcd:pr_mcd|camino_mcd:cam|RD_N_pe:regb|s[7]       ; reloj        ; reloj       ; 0.000        ; 0.421      ; 1.470      ;
; 0.892 ; mcd:pr_mcd|control:cnt|\reg_estado:v_estado.ESP   ; mcd:pr_mcd|camino_mcd:cam|RD_N_pe:rega|s[7]       ; reloj        ; reloj       ; 0.000        ; 0.421      ; 1.470      ;
; 0.939 ; mcd:pr_mcd|control:cnt|\reg_estado:v_estado.HECHO ; mcd:pr_mcd|control:cnt|\reg_estado:v_estado.ESP   ; reloj        ; reloj       ; 0.000        ; -0.281     ; 0.815      ;
; 0.950 ; mcd:pr_mcd|camino_mcd:cam|RD_N_pe:regb|s[5]       ; mcd:pr_mcd|camino_mcd:cam|RD_N_pe:rega|s[5]       ; reloj        ; reloj       ; 0.000        ; 0.092      ; 1.199      ;
; 0.980 ; mcd:pr_mcd|camino_mcd:cam|RD_N_pe:regb|s[2]       ; mcd:pr_mcd|camino_mcd:cam|RD_N_pe:rega|s[7]       ; reloj        ; reloj       ; 0.000        ; 0.421      ; 1.558      ;
; 0.981 ; mcd:pr_mcd|camino_mcd:cam|RD_N_pe:regb|s[0]       ; mcd:pr_mcd|camino_mcd:cam|RD_N_pe:rega|s[5]       ; reloj        ; reloj       ; 0.000        ; 0.421      ; 1.559      ;
; 0.996 ; mcd:pr_mcd|camino_mcd:cam|RD_N_pe:regb|s[1]       ; mcd:pr_mcd|camino_mcd:cam|RD_N_pe:rega|s[7]       ; reloj        ; reloj       ; 0.000        ; 0.421      ; 1.574      ;
; 1.026 ; mcd:pr_mcd|control:cnt|\reg_estado:v_estado.ESP   ; mcd:pr_mcd|camino_mcd:cam|RD_N_pe:regb|s[6]       ; reloj        ; reloj       ; 0.000        ; 0.418      ; 1.601      ;
; 1.026 ; mcd:pr_mcd|control:cnt|\reg_estado:v_estado.ESP   ; mcd:pr_mcd|camino_mcd:cam|RD_N_pe:regb|s[3]       ; reloj        ; reloj       ; 0.000        ; 0.418      ; 1.601      ;
; 1.026 ; mcd:pr_mcd|control:cnt|\reg_estado:v_estado.ESP   ; mcd:pr_mcd|camino_mcd:cam|RD_N_pe:regb|s[4]       ; reloj        ; reloj       ; 0.000        ; 0.418      ; 1.601      ;
; 1.026 ; mcd:pr_mcd|control:cnt|\reg_estado:v_estado.ESP   ; mcd:pr_mcd|camino_mcd:cam|RD_N_pe:regb|s[5]       ; reloj        ; reloj       ; 0.000        ; 0.418      ; 1.601      ;
; 1.041 ; mcd:pr_mcd|control:cnt|\reg_estado:v_estado.HECHO ; mcd:pr_mcd|control:cnt|\reg_estado:v_estado.HECHO ; reloj        ; reloj       ; 0.000        ; 0.090      ; 1.288      ;
; 1.050 ; mcd:pr_mcd|camino_mcd:cam|RD_N_pe:rega|s[2]       ; mcd:pr_mcd|camino_mcd:cam|RD_N_pe:rega|s[2]       ; reloj        ; reloj       ; 0.000        ; 0.075      ; 1.282      ;
; 1.056 ; mcd:pr_mcd|camino_mcd:cam|RD_N_pe:rega|s[0]       ; mcd:pr_mcd|camino_mcd:cam|RD_N_pe:regb|s[0]       ; reloj        ; reloj       ; 0.000        ; 0.075      ; 1.288      ;
; 1.064 ; mcd:pr_mcd|camino_mcd:cam|RD_N_pe:rega|s[1]       ; mcd:pr_mcd|camino_mcd:cam|RD_N_pe:rega|s[1]       ; reloj        ; reloj       ; 0.000        ; 0.075      ; 1.296      ;
; 1.078 ; mcd:pr_mcd|camino_mcd:cam|RD_N_pe:rega|s[7]       ; mcd:pr_mcd|camino_mcd:cam|RD_N_pe:regb|s[6]       ; reloj        ; reloj       ; 0.000        ; 0.085      ; 1.320      ;
; 1.078 ; mcd:pr_mcd|camino_mcd:cam|RD_N_pe:rega|s[7]       ; mcd:pr_mcd|camino_mcd:cam|RD_N_pe:regb|s[3]       ; reloj        ; reloj       ; 0.000        ; 0.085      ; 1.320      ;
; 1.079 ; mcd:pr_mcd|camino_mcd:cam|RD_N_pe:rega|s[7]       ; mcd:pr_mcd|camino_mcd:cam|RD_N_pe:regb|s[5]       ; reloj        ; reloj       ; 0.000        ; 0.085      ; 1.321      ;
; 1.080 ; mcd:pr_mcd|camino_mcd:cam|RD_N_pe:rega|s[7]       ; mcd:pr_mcd|camino_mcd:cam|RD_N_pe:regb|s[4]       ; reloj        ; reloj       ; 0.000        ; 0.085      ; 1.322      ;
; 1.088 ; mcd:pr_mcd|camino_mcd:cam|RD_N_pe:rega|s[2]       ; mcd:pr_mcd|camino_mcd:cam|RD_N_pe:rega|s[5]       ; reloj        ; reloj       ; 0.000        ; 0.421      ; 1.666      ;
; 1.093 ; mcd:pr_mcd|camino_mcd:cam|RD_N_pe:regb|s[0]       ; mcd:pr_mcd|camino_mcd:cam|RD_N_pe:rega|s[7]       ; reloj        ; reloj       ; 0.000        ; 0.421      ; 1.671      ;
; 1.099 ; mcd:pr_mcd|camino_mcd:cam|RD_N_pe:regb|s[1]       ; mcd:pr_mcd|camino_mcd:cam|RD_N_pe:rega|s[2]       ; reloj        ; reloj       ; 0.000        ; 0.075      ; 1.331      ;
; 1.102 ; mcd:pr_mcd|camino_mcd:cam|RD_N_pe:regb|s[2]       ; mcd:pr_mcd|camino_mcd:cam|RD_N_pe:rega|s[3]       ; reloj        ; reloj       ; 0.000        ; 0.075      ; 1.334      ;
; 1.103 ; mcd:pr_mcd|camino_mcd:cam|RD_N_pe:regb|s[0]       ; mcd:pr_mcd|camino_mcd:cam|RD_N_pe:rega|s[1]       ; reloj        ; reloj       ; 0.000        ; 0.075      ; 1.335      ;
; 1.118 ; mcd:pr_mcd|camino_mcd:cam|RD_N_pe:regb|s[1]       ; mcd:pr_mcd|camino_mcd:cam|RD_N_pe:rega|s[3]       ; reloj        ; reloj       ; 0.000        ; 0.075      ; 1.350      ;
; 1.121 ; mcd:pr_mcd|camino_mcd:cam|RD_N_pe:rega|s[1]       ; mcd:pr_mcd|camino_mcd:cam|RD_N_pe:rega|s[5]       ; reloj        ; reloj       ; 0.000        ; 0.421      ; 1.699      ;
; 1.143 ; mcd:pr_mcd|camino_mcd:cam|RD_N_pe:rega|s[3]       ; mcd:pr_mcd|camino_mcd:cam|RD_N_pe:regb|s[6]       ; reloj        ; reloj       ; 0.000        ; 0.418      ; 1.718      ;
; 1.144 ; mcd:pr_mcd|camino_mcd:cam|RD_N_pe:rega|s[3]       ; mcd:pr_mcd|camino_mcd:cam|RD_N_pe:regb|s[5]       ; reloj        ; reloj       ; 0.000        ; 0.418      ; 1.719      ;
; 1.145 ; mcd:pr_mcd|camino_mcd:cam|RD_N_pe:rega|s[3]       ; mcd:pr_mcd|camino_mcd:cam|RD_N_pe:regb|s[4]       ; reloj        ; reloj       ; 0.000        ; 0.418      ; 1.720      ;
; 1.160 ; mcd:pr_mcd|camino_mcd:cam|RD_N_pe:rega|s[7]       ; mcd:pr_mcd|camino_mcd:cam|RD_N_pe:rega|s[7]       ; reloj        ; reloj       ; 0.000        ; 0.088      ; 1.405      ;
; 1.182 ; mcd:pr_mcd|camino_mcd:cam|RD_N_pe:regb|s[0]       ; mcd:pr_mcd|camino_mcd:cam|RD_N_pe:rega|s[2]       ; reloj        ; reloj       ; 0.000        ; 0.075      ; 1.414      ;
; 1.187 ; mcd:pr_mcd|camino_mcd:cam|RD_N_pe:regb|s[6]       ; mcd:pr_mcd|camino_mcd:cam|RD_N_pe:regb|s[3]       ; reloj        ; reloj       ; 0.000        ; 0.089      ; 1.433      ;
; 1.188 ; mcd:pr_mcd|camino_mcd:cam|RD_N_pe:regb|s[6]       ; mcd:pr_mcd|camino_mcd:cam|RD_N_pe:regb|s[4]       ; reloj        ; reloj       ; 0.000        ; 0.089      ; 1.434      ;
; 1.188 ; mcd:pr_mcd|camino_mcd:cam|RD_N_pe:regb|s[6]       ; mcd:pr_mcd|camino_mcd:cam|RD_N_pe:regb|s[5]       ; reloj        ; reloj       ; 0.000        ; 0.089      ; 1.434      ;
; 1.190 ; mcd:pr_mcd|camino_mcd:cam|RD_N_pe:regb|s[2]       ; mcd:pr_mcd|camino_mcd:cam|RD_N_pe:rega|s[4]       ; reloj        ; reloj       ; 0.000        ; 0.075      ; 1.422      ;
; 1.200 ; mcd:pr_mcd|camino_mcd:cam|RD_N_pe:rega|s[2]       ; mcd:pr_mcd|camino_mcd:cam|RD_N_pe:rega|s[7]       ; reloj        ; reloj       ; 0.000        ; 0.421      ; 1.778      ;
; 1.209 ; mcd:pr_mcd|camino_mcd:cam|RD_N_pe:rega|s[6]       ; mcd:pr_mcd|camino_mcd:cam|RD_N_pe:regb|s[3]       ; reloj        ; reloj       ; 0.000        ; 0.418      ; 1.784      ;
; 1.210 ; mcd:pr_mcd|camino_mcd:cam|RD_N_pe:rega|s[6]       ; mcd:pr_mcd|camino_mcd:cam|RD_N_pe:regb|s[5]       ; reloj        ; reloj       ; 0.000        ; 0.418      ; 1.785      ;
; 1.211 ; mcd:pr_mcd|camino_mcd:cam|RD_N_pe:rega|s[6]       ; mcd:pr_mcd|camino_mcd:cam|RD_N_pe:regb|s[4]       ; reloj        ; reloj       ; 0.000        ; 0.418      ; 1.786      ;
; 1.211 ; mcd:pr_mcd|camino_mcd:cam|RD_N_pe:regb|s[1]       ; mcd:pr_mcd|camino_mcd:cam|RD_N_pe:rega|s[4]       ; reloj        ; reloj       ; 0.000        ; 0.075      ; 1.443      ;
; 1.215 ; mcd:pr_mcd|camino_mcd:cam|RD_N_pe:regb|s[0]       ; mcd:pr_mcd|camino_mcd:cam|RD_N_pe:rega|s[3]       ; reloj        ; reloj       ; 0.000        ; 0.075      ; 1.447      ;
; 1.215 ; mcd:pr_mcd|camino_mcd:cam|RD_N_pe:regb|s[2]       ; mcd:pr_mcd|camino_mcd:cam|RD_N_pe:regb|s[6]       ; reloj        ; reloj       ; 0.000        ; 0.418      ; 1.790      ;
; 1.215 ; mcd:pr_mcd|camino_mcd:cam|RD_N_pe:regb|s[2]       ; mcd:pr_mcd|camino_mcd:cam|RD_N_pe:regb|s[3]       ; reloj        ; reloj       ; 0.000        ; 0.418      ; 1.790      ;
; 1.216 ; mcd:pr_mcd|camino_mcd:cam|RD_N_pe:regb|s[2]       ; mcd:pr_mcd|camino_mcd:cam|RD_N_pe:regb|s[4]       ; reloj        ; reloj       ; 0.000        ; 0.418      ; 1.791      ;
; 1.216 ; mcd:pr_mcd|camino_mcd:cam|RD_N_pe:regb|s[2]       ; mcd:pr_mcd|camino_mcd:cam|RD_N_pe:regb|s[5]       ; reloj        ; reloj       ; 0.000        ; 0.418      ; 1.791      ;
; 1.217 ; mcd:pr_mcd|camino_mcd:cam|RD_N_pe:regb|s[6]       ; mcd:pr_mcd|camino_mcd:cam|RD_N_pe:rega|s[7]       ; reloj        ; reloj       ; 0.000        ; 0.092      ; 1.466      ;
; 1.233 ; mcd:pr_mcd|camino_mcd:cam|RD_N_pe:rega|s[1]       ; mcd:pr_mcd|camino_mcd:cam|RD_N_pe:rega|s[7]       ; reloj        ; reloj       ; 0.000        ; 0.421      ; 1.811      ;
; 1.238 ; mcd:pr_mcd|control:cnt|\reg_estado:v_estado.ESP   ; mcd:pr_mcd|camino_mcd:cam|RD_N_pe:regb|s[1]       ; reloj        ; reloj       ; 0.000        ; 0.075      ; 1.470      ;
; 1.238 ; mcd:pr_mcd|control:cnt|\reg_estado:v_estado.ESP   ; mcd:pr_mcd|camino_mcd:cam|RD_N_pe:rega|s[1]       ; reloj        ; reloj       ; 0.000        ; 0.075      ; 1.470      ;
; 1.238 ; mcd:pr_mcd|control:cnt|\reg_estado:v_estado.ESP   ; mcd:pr_mcd|camino_mcd:cam|RD_N_pe:regb|s[2]       ; reloj        ; reloj       ; 0.000        ; 0.075      ; 1.470      ;
; 1.238 ; mcd:pr_mcd|control:cnt|\reg_estado:v_estado.ESP   ; mcd:pr_mcd|camino_mcd:cam|RD_N_pe:rega|s[2]       ; reloj        ; reloj       ; 0.000        ; 0.075      ; 1.470      ;
; 1.238 ; mcd:pr_mcd|control:cnt|\reg_estado:v_estado.ESP   ; mcd:pr_mcd|camino_mcd:cam|RD_N_pe:rega|s[3]       ; reloj        ; reloj       ; 0.000        ; 0.075      ; 1.470      ;
; 1.238 ; mcd:pr_mcd|control:cnt|\reg_estado:v_estado.ESP   ; mcd:pr_mcd|camino_mcd:cam|RD_N_pe:rega|s[4]       ; reloj        ; reloj       ; 0.000        ; 0.075      ; 1.470      ;
; 1.238 ; mcd:pr_mcd|control:cnt|\reg_estado:v_estado.ESP   ; mcd:pr_mcd|camino_mcd:cam|RD_N_pe:rega|s[6]       ; reloj        ; reloj       ; 0.000        ; 0.075      ; 1.470      ;
; 1.238 ; mcd:pr_mcd|control:cnt|\reg_estado:v_estado.ESP   ; mcd:pr_mcd|camino_mcd:cam|RD_N_pe:rega|s[0]       ; reloj        ; reloj       ; 0.000        ; 0.075      ; 1.470      ;
; 1.238 ; mcd:pr_mcd|control:cnt|\reg_estado:v_estado.ESP   ; mcd:pr_mcd|camino_mcd:cam|RD_N_pe:regb|s[0]       ; reloj        ; reloj       ; 0.000        ; 0.075      ; 1.470      ;
; 1.241 ; mcd:pr_mcd|control:cnt|\reg_estado:v_estado.HECHO ; mcd:pr_mcd|control:cnt|\reg_estado:v_estado.CALC  ; reloj        ; reloj       ; 0.000        ; 0.090      ; 1.488      ;
; 1.241 ; mcd:pr_mcd|camino_mcd:cam|RD_N_pe:regb|s[5]       ; mcd:pr_mcd|camino_mcd:cam|RD_N_pe:rega|s[7]       ; reloj        ; reloj       ; 0.000        ; 0.092      ; 1.490      ;
; 1.249 ; mcd:pr_mcd|camino_mcd:cam|RD_N_pe:regb|s[4]       ; mcd:pr_mcd|camino_mcd:cam|RD_N_pe:rega|s[5]       ; reloj        ; reloj       ; 0.000        ; 0.092      ; 1.498      ;
; 1.259 ; mcd:pr_mcd|camino_mcd:cam|RD_N_pe:rega|s[6]       ; mcd:pr_mcd|camino_mcd:cam|RD_N_pe:rega|s[7]       ; reloj        ; reloj       ; 0.000        ; 0.421      ; 1.837      ;
; 1.261 ; mcd:pr_mcd|camino_mcd:cam|RD_N_pe:regb|s[3]       ; mcd:pr_mcd|camino_mcd:cam|RD_N_pe:rega|s[5]       ; reloj        ; reloj       ; 0.000        ; 0.092      ; 1.510      ;
; 1.269 ; mcd:pr_mcd|camino_mcd:cam|RD_N_pe:regb|s[5]       ; mcd:pr_mcd|camino_mcd:cam|RD_N_pe:regb|s[6]       ; reloj        ; reloj       ; 0.000        ; 0.089      ; 1.515      ;
; 1.269 ; mcd:pr_mcd|camino_mcd:cam|RD_N_pe:regb|s[5]       ; mcd:pr_mcd|camino_mcd:cam|RD_N_pe:regb|s[3]       ; reloj        ; reloj       ; 0.000        ; 0.089      ; 1.515      ;
; 1.269 ; mcd:pr_mcd|camino_mcd:cam|RD_N_pe:rega|s[3]       ; mcd:pr_mcd|camino_mcd:cam|RD_N_pe:rega|s[5]       ; reloj        ; reloj       ; 0.000        ; 0.421      ; 1.847      ;
; 1.270 ; mcd:pr_mcd|camino_mcd:cam|RD_N_pe:regb|s[5]       ; mcd:pr_mcd|camino_mcd:cam|RD_N_pe:regb|s[4]       ; reloj        ; reloj       ; 0.000        ; 0.089      ; 1.516      ;
; 1.274 ; mcd:pr_mcd|camino_mcd:cam|RD_N_pe:rega|s[2]       ; mcd:pr_mcd|camino_mcd:cam|RD_N_pe:regb|s[6]       ; reloj        ; reloj       ; 0.000        ; 0.418      ; 1.849      ;
; 1.274 ; mcd:pr_mcd|camino_mcd:cam|RD_N_pe:rega|s[2]       ; mcd:pr_mcd|camino_mcd:cam|RD_N_pe:regb|s[3]       ; reloj        ; reloj       ; 0.000        ; 0.418      ; 1.849      ;
; 1.275 ; mcd:pr_mcd|camino_mcd:cam|RD_N_pe:rega|s[2]       ; mcd:pr_mcd|camino_mcd:cam|RD_N_pe:regb|s[5]       ; reloj        ; reloj       ; 0.000        ; 0.418      ; 1.850      ;
; 1.276 ; mcd:pr_mcd|camino_mcd:cam|RD_N_pe:rega|s[2]       ; mcd:pr_mcd|camino_mcd:cam|RD_N_pe:regb|s[4]       ; reloj        ; reloj       ; 0.000        ; 0.418      ; 1.851      ;
+-------+---------------------------------------------------+---------------------------------------------------+--------------+-------------+--------------+------------+------------+


+------------------------------------------------------------------------------------------------------------------------------------+
; Slow 1200mV 85C Model Minimum Pulse Width: 'reloj'                                                                                 ;
+--------+--------------+----------------+------------------+-------+------------+---------------------------------------------------+
; Slack  ; Actual Width ; Required Width ; Type             ; Clock ; Clock Edge ; Target                                            ;
+--------+--------------+----------------+------------------+-------+------------+---------------------------------------------------+
; -3.000 ; 1.000        ; 4.000          ; Port Rate        ; reloj ; Rise       ; reloj                                             ;
; -1.000 ; 1.000        ; 2.000          ; Min Period       ; reloj ; Rise       ; mcd:pr_mcd|camino_mcd:cam|RD_N_pe:rega|s[0]       ;
; -1.000 ; 1.000        ; 2.000          ; Min Period       ; reloj ; Rise       ; mcd:pr_mcd|camino_mcd:cam|RD_N_pe:rega|s[1]       ;
; -1.000 ; 1.000        ; 2.000          ; Min Period       ; reloj ; Rise       ; mcd:pr_mcd|camino_mcd:cam|RD_N_pe:rega|s[2]       ;
; -1.000 ; 1.000        ; 2.000          ; Min Period       ; reloj ; Rise       ; mcd:pr_mcd|camino_mcd:cam|RD_N_pe:rega|s[3]       ;
; -1.000 ; 1.000        ; 2.000          ; Min Period       ; reloj ; Rise       ; mcd:pr_mcd|camino_mcd:cam|RD_N_pe:rega|s[4]       ;
; -1.000 ; 1.000        ; 2.000          ; Min Period       ; reloj ; Rise       ; mcd:pr_mcd|camino_mcd:cam|RD_N_pe:rega|s[5]       ;
; -1.000 ; 1.000        ; 2.000          ; Min Period       ; reloj ; Rise       ; mcd:pr_mcd|camino_mcd:cam|RD_N_pe:rega|s[6]       ;
; -1.000 ; 1.000        ; 2.000          ; Min Period       ; reloj ; Rise       ; mcd:pr_mcd|camino_mcd:cam|RD_N_pe:rega|s[7]       ;
; -1.000 ; 1.000        ; 2.000          ; Min Period       ; reloj ; Rise       ; mcd:pr_mcd|camino_mcd:cam|RD_N_pe:regb|s[0]       ;
; -1.000 ; 1.000        ; 2.000          ; Min Period       ; reloj ; Rise       ; mcd:pr_mcd|camino_mcd:cam|RD_N_pe:regb|s[1]       ;
; -1.000 ; 1.000        ; 2.000          ; Min Period       ; reloj ; Rise       ; mcd:pr_mcd|camino_mcd:cam|RD_N_pe:regb|s[2]       ;
; -1.000 ; 1.000        ; 2.000          ; Min Period       ; reloj ; Rise       ; mcd:pr_mcd|camino_mcd:cam|RD_N_pe:regb|s[3]       ;
; -1.000 ; 1.000        ; 2.000          ; Min Period       ; reloj ; Rise       ; mcd:pr_mcd|camino_mcd:cam|RD_N_pe:regb|s[4]       ;
; -1.000 ; 1.000        ; 2.000          ; Min Period       ; reloj ; Rise       ; mcd:pr_mcd|camino_mcd:cam|RD_N_pe:regb|s[5]       ;
; -1.000 ; 1.000        ; 2.000          ; Min Period       ; reloj ; Rise       ; mcd:pr_mcd|camino_mcd:cam|RD_N_pe:regb|s[6]       ;
; -1.000 ; 1.000        ; 2.000          ; Min Period       ; reloj ; Rise       ; mcd:pr_mcd|camino_mcd:cam|RD_N_pe:regb|s[7]       ;
; -1.000 ; 1.000        ; 2.000          ; Min Period       ; reloj ; Rise       ; mcd:pr_mcd|control:cnt|\reg_estado:v_estado.CALC  ;
; -1.000 ; 1.000        ; 2.000          ; Min Period       ; reloj ; Rise       ; mcd:pr_mcd|control:cnt|\reg_estado:v_estado.ESP   ;
; -1.000 ; 1.000        ; 2.000          ; Min Period       ; reloj ; Rise       ; mcd:pr_mcd|control:cnt|\reg_estado:v_estado.HECHO ;
; 0.244  ; 0.428        ; 0.184          ; Low Pulse Width  ; reloj ; Rise       ; mcd:pr_mcd|control:cnt|\reg_estado:v_estado.CALC  ;
; 0.244  ; 0.428        ; 0.184          ; Low Pulse Width  ; reloj ; Rise       ; mcd:pr_mcd|control:cnt|\reg_estado:v_estado.HECHO ;
; 0.253  ; 0.437        ; 0.184          ; Low Pulse Width  ; reloj ; Rise       ; mcd:pr_mcd|camino_mcd:cam|RD_N_pe:rega|s[5]       ;
; 0.253  ; 0.437        ; 0.184          ; Low Pulse Width  ; reloj ; Rise       ; mcd:pr_mcd|camino_mcd:cam|RD_N_pe:rega|s[7]       ;
; 0.253  ; 0.437        ; 0.184          ; Low Pulse Width  ; reloj ; Rise       ; mcd:pr_mcd|camino_mcd:cam|RD_N_pe:regb|s[7]       ;
; 0.258  ; 0.442        ; 0.184          ; Low Pulse Width  ; reloj ; Rise       ; mcd:pr_mcd|camino_mcd:cam|RD_N_pe:rega|s[0]       ;
; 0.258  ; 0.442        ; 0.184          ; Low Pulse Width  ; reloj ; Rise       ; mcd:pr_mcd|camino_mcd:cam|RD_N_pe:rega|s[1]       ;
; 0.258  ; 0.442        ; 0.184          ; Low Pulse Width  ; reloj ; Rise       ; mcd:pr_mcd|camino_mcd:cam|RD_N_pe:rega|s[2]       ;
; 0.258  ; 0.442        ; 0.184          ; Low Pulse Width  ; reloj ; Rise       ; mcd:pr_mcd|camino_mcd:cam|RD_N_pe:rega|s[3]       ;
; 0.258  ; 0.442        ; 0.184          ; Low Pulse Width  ; reloj ; Rise       ; mcd:pr_mcd|camino_mcd:cam|RD_N_pe:rega|s[4]       ;
; 0.258  ; 0.442        ; 0.184          ; Low Pulse Width  ; reloj ; Rise       ; mcd:pr_mcd|camino_mcd:cam|RD_N_pe:rega|s[6]       ;
; 0.258  ; 0.442        ; 0.184          ; Low Pulse Width  ; reloj ; Rise       ; mcd:pr_mcd|camino_mcd:cam|RD_N_pe:regb|s[0]       ;
; 0.258  ; 0.442        ; 0.184          ; Low Pulse Width  ; reloj ; Rise       ; mcd:pr_mcd|camino_mcd:cam|RD_N_pe:regb|s[1]       ;
; 0.258  ; 0.442        ; 0.184          ; Low Pulse Width  ; reloj ; Rise       ; mcd:pr_mcd|camino_mcd:cam|RD_N_pe:regb|s[2]       ;
; 0.258  ; 0.442        ; 0.184          ; Low Pulse Width  ; reloj ; Rise       ; mcd:pr_mcd|camino_mcd:cam|RD_N_pe:regb|s[3]       ;
; 0.258  ; 0.442        ; 0.184          ; Low Pulse Width  ; reloj ; Rise       ; mcd:pr_mcd|camino_mcd:cam|RD_N_pe:regb|s[4]       ;
; 0.258  ; 0.442        ; 0.184          ; Low Pulse Width  ; reloj ; Rise       ; mcd:pr_mcd|camino_mcd:cam|RD_N_pe:regb|s[5]       ;
; 0.258  ; 0.442        ; 0.184          ; Low Pulse Width  ; reloj ; Rise       ; mcd:pr_mcd|camino_mcd:cam|RD_N_pe:regb|s[6]       ;
; 0.258  ; 0.442        ; 0.184          ; Low Pulse Width  ; reloj ; Rise       ; mcd:pr_mcd|control:cnt|\reg_estado:v_estado.ESP   ;
; 0.335  ; 0.335        ; 0.000          ; Low Pulse Width  ; reloj ; Rise       ; reloj~input|o                                     ;
; 0.340  ; 0.556        ; 0.216          ; High Pulse Width ; reloj ; Rise       ; mcd:pr_mcd|camino_mcd:cam|RD_N_pe:rega|s[0]       ;
; 0.340  ; 0.556        ; 0.216          ; High Pulse Width ; reloj ; Rise       ; mcd:pr_mcd|camino_mcd:cam|RD_N_pe:rega|s[1]       ;
; 0.340  ; 0.556        ; 0.216          ; High Pulse Width ; reloj ; Rise       ; mcd:pr_mcd|camino_mcd:cam|RD_N_pe:rega|s[2]       ;
; 0.340  ; 0.556        ; 0.216          ; High Pulse Width ; reloj ; Rise       ; mcd:pr_mcd|camino_mcd:cam|RD_N_pe:rega|s[3]       ;
; 0.340  ; 0.556        ; 0.216          ; High Pulse Width ; reloj ; Rise       ; mcd:pr_mcd|camino_mcd:cam|RD_N_pe:rega|s[4]       ;
; 0.340  ; 0.556        ; 0.216          ; High Pulse Width ; reloj ; Rise       ; mcd:pr_mcd|camino_mcd:cam|RD_N_pe:rega|s[6]       ;
; 0.340  ; 0.556        ; 0.216          ; High Pulse Width ; reloj ; Rise       ; mcd:pr_mcd|camino_mcd:cam|RD_N_pe:regb|s[0]       ;
; 0.340  ; 0.556        ; 0.216          ; High Pulse Width ; reloj ; Rise       ; mcd:pr_mcd|camino_mcd:cam|RD_N_pe:regb|s[1]       ;
; 0.340  ; 0.556        ; 0.216          ; High Pulse Width ; reloj ; Rise       ; mcd:pr_mcd|camino_mcd:cam|RD_N_pe:regb|s[2]       ;
; 0.340  ; 0.556        ; 0.216          ; High Pulse Width ; reloj ; Rise       ; mcd:pr_mcd|camino_mcd:cam|RD_N_pe:regb|s[3]       ;
; 0.340  ; 0.556        ; 0.216          ; High Pulse Width ; reloj ; Rise       ; mcd:pr_mcd|camino_mcd:cam|RD_N_pe:regb|s[4]       ;
; 0.340  ; 0.556        ; 0.216          ; High Pulse Width ; reloj ; Rise       ; mcd:pr_mcd|camino_mcd:cam|RD_N_pe:regb|s[5]       ;
; 0.340  ; 0.556        ; 0.216          ; High Pulse Width ; reloj ; Rise       ; mcd:pr_mcd|camino_mcd:cam|RD_N_pe:regb|s[6]       ;
; 0.340  ; 0.556        ; 0.216          ; High Pulse Width ; reloj ; Rise       ; mcd:pr_mcd|control:cnt|\reg_estado:v_estado.ESP   ;
; 0.346  ; 0.562        ; 0.216          ; High Pulse Width ; reloj ; Rise       ; mcd:pr_mcd|camino_mcd:cam|RD_N_pe:rega|s[5]       ;
; 0.346  ; 0.562        ; 0.216          ; High Pulse Width ; reloj ; Rise       ; mcd:pr_mcd|camino_mcd:cam|RD_N_pe:rega|s[7]       ;
; 0.346  ; 0.562        ; 0.216          ; High Pulse Width ; reloj ; Rise       ; mcd:pr_mcd|camino_mcd:cam|RD_N_pe:regb|s[7]       ;
; 0.350  ; 0.350        ; 0.000          ; Low Pulse Width  ; reloj ; Rise       ; reloj~inputclkctrl|inclk[0]                       ;
; 0.350  ; 0.350        ; 0.000          ; Low Pulse Width  ; reloj ; Rise       ; reloj~inputclkctrl|outclk                         ;
; 0.354  ; 0.570        ; 0.216          ; High Pulse Width ; reloj ; Rise       ; mcd:pr_mcd|control:cnt|\reg_estado:v_estado.CALC  ;
; 0.354  ; 0.570        ; 0.216          ; High Pulse Width ; reloj ; Rise       ; mcd:pr_mcd|control:cnt|\reg_estado:v_estado.HECHO ;
; 0.404  ; 0.404        ; 0.000          ; Low Pulse Width  ; reloj ; Rise       ; pr_mcd|cnt|\reg_estado:v_estado.CALC|clk          ;
; 0.404  ; 0.404        ; 0.000          ; Low Pulse Width  ; reloj ; Rise       ; pr_mcd|cnt|\reg_estado:v_estado.HECHO|clk         ;
; 0.413  ; 0.413        ; 0.000          ; Low Pulse Width  ; reloj ; Rise       ; pr_mcd|cam|rega|s[5]|clk                          ;
; 0.413  ; 0.413        ; 0.000          ; Low Pulse Width  ; reloj ; Rise       ; pr_mcd|cam|rega|s[7]|clk                          ;
; 0.413  ; 0.413        ; 0.000          ; Low Pulse Width  ; reloj ; Rise       ; pr_mcd|cam|regb|s[7]|clk                          ;
; 0.418  ; 0.418        ; 0.000          ; Low Pulse Width  ; reloj ; Rise       ; pr_mcd|cam|rega|s[0]|clk                          ;
; 0.418  ; 0.418        ; 0.000          ; Low Pulse Width  ; reloj ; Rise       ; pr_mcd|cam|rega|s[1]|clk                          ;
; 0.418  ; 0.418        ; 0.000          ; Low Pulse Width  ; reloj ; Rise       ; pr_mcd|cam|rega|s[2]|clk                          ;
; 0.418  ; 0.418        ; 0.000          ; Low Pulse Width  ; reloj ; Rise       ; pr_mcd|cam|rega|s[3]|clk                          ;
; 0.418  ; 0.418        ; 0.000          ; Low Pulse Width  ; reloj ; Rise       ; pr_mcd|cam|rega|s[4]|clk                          ;
; 0.418  ; 0.418        ; 0.000          ; Low Pulse Width  ; reloj ; Rise       ; pr_mcd|cam|rega|s[6]|clk                          ;
; 0.418  ; 0.418        ; 0.000          ; Low Pulse Width  ; reloj ; Rise       ; pr_mcd|cam|regb|s[0]|clk                          ;
; 0.418  ; 0.418        ; 0.000          ; Low Pulse Width  ; reloj ; Rise       ; pr_mcd|cam|regb|s[1]|clk                          ;
; 0.418  ; 0.418        ; 0.000          ; Low Pulse Width  ; reloj ; Rise       ; pr_mcd|cam|regb|s[2]|clk                          ;
; 0.418  ; 0.418        ; 0.000          ; Low Pulse Width  ; reloj ; Rise       ; pr_mcd|cam|regb|s[3]|clk                          ;
; 0.418  ; 0.418        ; 0.000          ; Low Pulse Width  ; reloj ; Rise       ; pr_mcd|cam|regb|s[4]|clk                          ;
; 0.418  ; 0.418        ; 0.000          ; Low Pulse Width  ; reloj ; Rise       ; pr_mcd|cam|regb|s[5]|clk                          ;
; 0.418  ; 0.418        ; 0.000          ; Low Pulse Width  ; reloj ; Rise       ; pr_mcd|cam|regb|s[6]|clk                          ;
; 0.418  ; 0.418        ; 0.000          ; Low Pulse Width  ; reloj ; Rise       ; pr_mcd|cnt|\reg_estado:v_estado.ESP|clk           ;
; 0.500  ; 0.500        ; 0.000          ; High Pulse Width ; reloj ; Rise       ; reloj~input|i                                     ;
; 0.500  ; 0.500        ; 0.000          ; Low Pulse Width  ; reloj ; Rise       ; reloj~input|i                                     ;
; 0.578  ; 0.578        ; 0.000          ; High Pulse Width ; reloj ; Rise       ; pr_mcd|cam|rega|s[0]|clk                          ;
; 0.578  ; 0.578        ; 0.000          ; High Pulse Width ; reloj ; Rise       ; pr_mcd|cam|rega|s[1]|clk                          ;
; 0.578  ; 0.578        ; 0.000          ; High Pulse Width ; reloj ; Rise       ; pr_mcd|cam|rega|s[2]|clk                          ;
; 0.578  ; 0.578        ; 0.000          ; High Pulse Width ; reloj ; Rise       ; pr_mcd|cam|rega|s[3]|clk                          ;
; 0.578  ; 0.578        ; 0.000          ; High Pulse Width ; reloj ; Rise       ; pr_mcd|cam|rega|s[4]|clk                          ;
; 0.578  ; 0.578        ; 0.000          ; High Pulse Width ; reloj ; Rise       ; pr_mcd|cam|rega|s[6]|clk                          ;
; 0.578  ; 0.578        ; 0.000          ; High Pulse Width ; reloj ; Rise       ; pr_mcd|cam|regb|s[0]|clk                          ;
; 0.578  ; 0.578        ; 0.000          ; High Pulse Width ; reloj ; Rise       ; pr_mcd|cam|regb|s[1]|clk                          ;
; 0.578  ; 0.578        ; 0.000          ; High Pulse Width ; reloj ; Rise       ; pr_mcd|cam|regb|s[2]|clk                          ;
; 0.578  ; 0.578        ; 0.000          ; High Pulse Width ; reloj ; Rise       ; pr_mcd|cam|regb|s[3]|clk                          ;
; 0.578  ; 0.578        ; 0.000          ; High Pulse Width ; reloj ; Rise       ; pr_mcd|cam|regb|s[4]|clk                          ;
; 0.578  ; 0.578        ; 0.000          ; High Pulse Width ; reloj ; Rise       ; pr_mcd|cam|regb|s[5]|clk                          ;
; 0.578  ; 0.578        ; 0.000          ; High Pulse Width ; reloj ; Rise       ; pr_mcd|cam|regb|s[6]|clk                          ;
; 0.578  ; 0.578        ; 0.000          ; High Pulse Width ; reloj ; Rise       ; pr_mcd|cnt|\reg_estado:v_estado.ESP|clk           ;
; 0.584  ; 0.584        ; 0.000          ; High Pulse Width ; reloj ; Rise       ; pr_mcd|cam|rega|s[5]|clk                          ;
; 0.584  ; 0.584        ; 0.000          ; High Pulse Width ; reloj ; Rise       ; pr_mcd|cam|rega|s[7]|clk                          ;
; 0.584  ; 0.584        ; 0.000          ; High Pulse Width ; reloj ; Rise       ; pr_mcd|cam|regb|s[7]|clk                          ;
; 0.592  ; 0.592        ; 0.000          ; High Pulse Width ; reloj ; Rise       ; pr_mcd|cnt|\reg_estado:v_estado.CALC|clk          ;
+--------+--------------+----------------+------------------+-------+------------+---------------------------------------------------+


+------------------------------------------------------------------------------+
; Setup Times                                                                  ;
+------------------+------------+-------+-------+------------+-----------------+
; Data Port        ; Clock Port ; Rise  ; Fall  ; Clock Edge ; Clock Reference ;
+------------------+------------+-------+-------+------------+-----------------+
; pcero            ; reloj      ; 2.117 ; 2.074 ; Rise       ; reloj           ;
; pet_dv.dat_a[*]  ; reloj      ; 1.906 ; 2.432 ; Rise       ; reloj           ;
;  pet_dv.dat_a[0] ; reloj      ; 1.502 ; 1.915 ; Rise       ; reloj           ;
;  pet_dv.dat_a[1] ; reloj      ; 1.253 ; 1.683 ; Rise       ; reloj           ;
;  pet_dv.dat_a[2] ; reloj      ; 1.229 ; 1.638 ; Rise       ; reloj           ;
;  pet_dv.dat_a[3] ; reloj      ; 1.482 ; 1.917 ; Rise       ; reloj           ;
;  pet_dv.dat_a[4] ; reloj      ; 1.570 ; 1.989 ; Rise       ; reloj           ;
;  pet_dv.dat_a[5] ; reloj      ; 1.222 ; 1.633 ; Rise       ; reloj           ;
;  pet_dv.dat_a[6] ; reloj      ; 1.223 ; 1.651 ; Rise       ; reloj           ;
;  pet_dv.dat_a[7] ; reloj      ; 1.906 ; 2.432 ; Rise       ; reloj           ;
; pet_dv.dat_b[*]  ; reloj      ; 2.181 ; 2.651 ; Rise       ; reloj           ;
;  pet_dv.dat_b[0] ; reloj      ; 1.435 ; 1.845 ; Rise       ; reloj           ;
;  pet_dv.dat_b[1] ; reloj      ; 2.181 ; 2.651 ; Rise       ; reloj           ;
;  pet_dv.dat_b[2] ; reloj      ; 1.222 ; 1.650 ; Rise       ; reloj           ;
;  pet_dv.dat_b[3] ; reloj      ; 1.627 ; 2.100 ; Rise       ; reloj           ;
;  pet_dv.dat_b[4] ; reloj      ; 0.900 ; 1.323 ; Rise       ; reloj           ;
;  pet_dv.dat_b[5] ; reloj      ; 1.238 ; 1.652 ; Rise       ; reloj           ;
;  pet_dv.dat_b[6] ; reloj      ; 1.174 ; 1.607 ; Rise       ; reloj           ;
;  pet_dv.dat_b[7] ; reloj      ; 0.898 ; 1.327 ; Rise       ; reloj           ;
; pet_dv.val       ; reloj      ; 3.129 ; 3.597 ; Rise       ; reloj           ;
; resp_l.listo     ; reloj      ; 2.165 ; 2.644 ; Rise       ; reloj           ;
+------------------+------------+-------+-------+------------+-----------------+


+--------------------------------------------------------------------------------+
; Hold Times                                                                     ;
+------------------+------------+--------+--------+------------+-----------------+
; Data Port        ; Clock Port ; Rise   ; Fall   ; Clock Edge ; Clock Reference ;
+------------------+------------+--------+--------+------------+-----------------+
; pcero            ; reloj      ; -0.004 ; 0.030  ; Rise       ; reloj           ;
; pet_dv.dat_a[*]  ; reloj      ; -0.776 ; -1.181 ; Rise       ; reloj           ;
;  pet_dv.dat_a[0] ; reloj      ; -1.071 ; -1.477 ; Rise       ; reloj           ;
;  pet_dv.dat_a[1] ; reloj      ; -0.833 ; -1.254 ; Rise       ; reloj           ;
;  pet_dv.dat_a[2] ; reloj      ; -0.809 ; -1.211 ; Rise       ; reloj           ;
;  pet_dv.dat_a[3] ; reloj      ; -1.052 ; -1.479 ; Rise       ; reloj           ;
;  pet_dv.dat_a[4] ; reloj      ; -1.137 ; -1.549 ; Rise       ; reloj           ;
;  pet_dv.dat_a[5] ; reloj      ; -0.776 ; -1.181 ; Rise       ; reloj           ;
;  pet_dv.dat_a[6] ; reloj      ; -0.804 ; -1.225 ; Rise       ; reloj           ;
;  pet_dv.dat_a[7] ; reloj      ; -1.432 ; -1.947 ; Rise       ; reloj           ;
; pet_dv.dat_b[*]  ; reloj      ; -0.464 ; -0.882 ; Rise       ; reloj           ;
;  pet_dv.dat_b[0] ; reloj      ; -1.007 ; -1.410 ; Rise       ; reloj           ;
;  pet_dv.dat_b[1] ; reloj      ; -1.723 ; -2.183 ; Rise       ; reloj           ;
;  pet_dv.dat_b[2] ; reloj      ; -0.802 ; -1.222 ; Rise       ; reloj           ;
;  pet_dv.dat_b[3] ; reloj      ; -1.165 ; -1.628 ; Rise       ; reloj           ;
;  pet_dv.dat_b[4] ; reloj      ; -0.467 ; -0.882 ; Rise       ; reloj           ;
;  pet_dv.dat_b[5] ; reloj      ; -0.791 ; -1.199 ; Rise       ; reloj           ;
;  pet_dv.dat_b[6] ; reloj      ; -0.729 ; -1.154 ; Rise       ; reloj           ;
;  pet_dv.dat_b[7] ; reloj      ; -0.464 ; -0.885 ; Rise       ; reloj           ;
; pet_dv.val       ; reloj      ; -1.069 ; -1.505 ; Rise       ; reloj           ;
; resp_l.listo     ; reloj      ; -1.193 ; -1.620 ; Rise       ; reloj           ;
+------------------+------------+--------+--------+------------+-----------------+


+-----------------------------------------------------------------------------+
; Clock to Output Times                                                       ;
+-----------------+------------+-------+-------+------------+-----------------+
; Data Port       ; Clock Port ; Rise  ; Fall  ; Clock Edge ; Clock Reference ;
+-----------------+------------+-------+-------+------------+-----------------+
; pet_l.listo     ; reloj      ; 7.341 ; 7.228 ; Rise       ; reloj           ;
; resp_dv.dat[*]  ; reloj      ; 9.664 ; 9.633 ; Rise       ; reloj           ;
;  resp_dv.dat[0] ; reloj      ; 9.276 ; 9.238 ; Rise       ; reloj           ;
;  resp_dv.dat[1] ; reloj      ; 9.399 ; 9.355 ; Rise       ; reloj           ;
;  resp_dv.dat[2] ; reloj      ; 9.043 ; 8.989 ; Rise       ; reloj           ;
;  resp_dv.dat[3] ; reloj      ; 9.664 ; 9.633 ; Rise       ; reloj           ;
;  resp_dv.dat[4] ; reloj      ; 9.285 ; 9.244 ; Rise       ; reloj           ;
;  resp_dv.dat[5] ; reloj      ; 8.750 ; 8.700 ; Rise       ; reloj           ;
;  resp_dv.dat[6] ; reloj      ; 9.369 ; 9.327 ; Rise       ; reloj           ;
;  resp_dv.dat[7] ; reloj      ; 8.753 ; 8.709 ; Rise       ; reloj           ;
; resp_dv.val     ; reloj      ; 9.629 ; 9.797 ; Rise       ; reloj           ;
+-----------------+------------+-------+-------+------------+-----------------+


+-----------------------------------------------------------------------------+
; Minimum Clock to Output Times                                               ;
+-----------------+------------+-------+-------+------------+-----------------+
; Data Port       ; Clock Port ; Rise  ; Fall  ; Clock Edge ; Clock Reference ;
+-----------------+------------+-------+-------+------------+-----------------+
; pet_l.listo     ; reloj      ; 7.095 ; 6.986 ; Rise       ; reloj           ;
; resp_dv.dat[*]  ; reloj      ; 7.221 ; 7.246 ; Rise       ; reloj           ;
;  resp_dv.dat[0] ; reloj      ; 7.792 ; 7.798 ; Rise       ; reloj           ;
;  resp_dv.dat[1] ; reloj      ; 7.308 ; 7.334 ; Rise       ; reloj           ;
;  resp_dv.dat[2] ; reloj      ; 7.237 ; 7.252 ; Rise       ; reloj           ;
;  resp_dv.dat[3] ; reloj      ; 7.721 ; 7.749 ; Rise       ; reloj           ;
;  resp_dv.dat[4] ; reloj      ; 7.735 ; 7.768 ; Rise       ; reloj           ;
;  resp_dv.dat[5] ; reloj      ; 7.221 ; 7.246 ; Rise       ; reloj           ;
;  resp_dv.dat[6] ; reloj      ; 7.374 ; 7.390 ; Rise       ; reloj           ;
;  resp_dv.dat[7] ; reloj      ; 7.373 ; 7.392 ; Rise       ; reloj           ;
; resp_dv.val     ; reloj      ; 9.277 ; 9.422 ; Rise       ; reloj           ;
+-----------------+------------+-------+-------+------------+-----------------+


+----------------------------------------------------------+
; Propagation Delay                                        ;
+------------+-------------+-------+-------+-------+-------+
; Input Port ; Output Port ; RR    ; RF    ; FR    ; FF    ;
+------------+-------------+-------+-------+-------+-------+
; pcero      ; pet_l.listo ; 7.176 ;       ;       ; 7.121 ;
; pcero      ; resp_dv.val ;       ; 8.969 ; 8.863 ;       ;
+------------+-------------+-------+-------+-------+-------+


+----------------------------------------------------------+
; Minimum Propagation Delay                                ;
+------------+-------------+-------+-------+-------+-------+
; Input Port ; Output Port ; RR    ; RF    ; FR    ; FF    ;
+------------+-------------+-------+-------+-------+-------+
; pcero      ; pet_l.listo ; 6.946 ;       ;       ; 6.899 ;
; pcero      ; resp_dv.val ;       ; 8.715 ; 8.618 ;       ;
+------------+-------------+-------+-------+-------+-------+


----------------------------------------------
; Slow 1200mV 85C Model Metastability Report ;
----------------------------------------------
No synchronizer chains to report.


+-----------------------------------------------------------------------------------------------------------+
; Slow 1200mV 0C Model Fmax Summary                                                                         ;
+------------+-----------------+------------+---------------------------------------------------------------+
; Fmax       ; Restricted Fmax ; Clock Name ; Note                                                          ;
+------------+-----------------+------------+---------------------------------------------------------------+
; 250.06 MHz ; 250.0 MHz       ; reloj      ; limit due to minimum period restriction (max I/O toggle rate) ;
+------------+-----------------+------------+---------------------------------------------------------------+
This panel reports FMAX for every clock in the design, regardless of the user-specified clock periods.  FMAX is only computed for paths where the source and destination registers or ports are driven by the same clock.  Paths of different clocks, including generated clocks, are ignored.  For paths between a clock and its inversion, FMAX is computed as if the rising and falling edges are scaled along with FMAX, such that the duty cycle (in terms of a percentage) is maintained. Altera recommends that you always use clock constraints and other slack reports for sign-off analysis.


+------------------------------------+
; Slow 1200mV 0C Model Setup Summary ;
+-------+--------+-------------------+
; Clock ; Slack  ; End Point TNS     ;
+-------+--------+-------------------+
; reloj ; -2.999 ; -51.908           ;
+-------+--------+-------------------+


+-----------------------------------+
; Slow 1200mV 0C Model Hold Summary ;
+-------+-------+-------------------+
; Clock ; Slack ; End Point TNS     ;
+-------+-------+-------------------+
; reloj ; 0.287 ; 0.000             ;
+-------+-------+-------------------+


-----------------------------------------
; Slow 1200mV 0C Model Recovery Summary ;
-----------------------------------------
No paths to report.


----------------------------------------
; Slow 1200mV 0C Model Removal Summary ;
----------------------------------------
No paths to report.


+--------------------------------------------------+
; Slow 1200mV 0C Model Minimum Pulse Width Summary ;
+-------+--------+---------------------------------+
; Clock ; Slack  ; End Point TNS                   ;
+-------+--------+---------------------------------+
; reloj ; -3.000 ; -22.000                         ;
+-------+--------+---------------------------------+


+--------------------------------------------------------------------------------------------------------------------------------------------------------------------------+
; Slow 1200mV 0C Model Setup: 'reloj'                                                                                                                                      ;
+--------+---------------------------------------------+---------------------------------------------+--------------+-------------+--------------+------------+------------+
; Slack  ; From Node                                   ; To Node                                     ; Launch Clock ; Latch Clock ; Relationship ; Clock Skew ; Data Delay ;
+--------+---------------------------------------------+---------------------------------------------+--------------+-------------+--------------+------------+------------+
; -2.999 ; mcd:pr_mcd|camino_mcd:cam|RD_N_pe:regb|s[0] ; mcd:pr_mcd|camino_mcd:cam|RD_N_pe:regb|s[1] ; reloj        ; reloj       ; 1.000        ; -0.067     ; 3.927      ;
; -2.999 ; mcd:pr_mcd|camino_mcd:cam|RD_N_pe:regb|s[0] ; mcd:pr_mcd|camino_mcd:cam|RD_N_pe:rega|s[1] ; reloj        ; reloj       ; 1.000        ; -0.067     ; 3.927      ;
; -2.999 ; mcd:pr_mcd|camino_mcd:cam|RD_N_pe:regb|s[0] ; mcd:pr_mcd|camino_mcd:cam|RD_N_pe:regb|s[2] ; reloj        ; reloj       ; 1.000        ; -0.067     ; 3.927      ;
; -2.999 ; mcd:pr_mcd|camino_mcd:cam|RD_N_pe:regb|s[0] ; mcd:pr_mcd|camino_mcd:cam|RD_N_pe:rega|s[2] ; reloj        ; reloj       ; 1.000        ; -0.067     ; 3.927      ;
; -2.999 ; mcd:pr_mcd|camino_mcd:cam|RD_N_pe:regb|s[0] ; mcd:pr_mcd|camino_mcd:cam|RD_N_pe:rega|s[3] ; reloj        ; reloj       ; 1.000        ; -0.067     ; 3.927      ;
; -2.999 ; mcd:pr_mcd|camino_mcd:cam|RD_N_pe:regb|s[0] ; mcd:pr_mcd|camino_mcd:cam|RD_N_pe:rega|s[4] ; reloj        ; reloj       ; 1.000        ; -0.067     ; 3.927      ;
; -2.999 ; mcd:pr_mcd|camino_mcd:cam|RD_N_pe:regb|s[0] ; mcd:pr_mcd|camino_mcd:cam|RD_N_pe:rega|s[6] ; reloj        ; reloj       ; 1.000        ; -0.067     ; 3.927      ;
; -2.999 ; mcd:pr_mcd|camino_mcd:cam|RD_N_pe:regb|s[0] ; mcd:pr_mcd|camino_mcd:cam|RD_N_pe:rega|s[0] ; reloj        ; reloj       ; 1.000        ; -0.067     ; 3.927      ;
; -2.999 ; mcd:pr_mcd|camino_mcd:cam|RD_N_pe:regb|s[0] ; mcd:pr_mcd|camino_mcd:cam|RD_N_pe:regb|s[0] ; reloj        ; reloj       ; 1.000        ; -0.067     ; 3.927      ;
; -2.902 ; mcd:pr_mcd|camino_mcd:cam|RD_N_pe:regb|s[3] ; mcd:pr_mcd|camino_mcd:cam|RD_N_pe:regb|s[1] ; reloj        ; reloj       ; 1.000        ; -0.378     ; 3.519      ;
; -2.902 ; mcd:pr_mcd|camino_mcd:cam|RD_N_pe:regb|s[3] ; mcd:pr_mcd|camino_mcd:cam|RD_N_pe:rega|s[1] ; reloj        ; reloj       ; 1.000        ; -0.378     ; 3.519      ;
; -2.902 ; mcd:pr_mcd|camino_mcd:cam|RD_N_pe:regb|s[3] ; mcd:pr_mcd|camino_mcd:cam|RD_N_pe:regb|s[2] ; reloj        ; reloj       ; 1.000        ; -0.378     ; 3.519      ;
; -2.902 ; mcd:pr_mcd|camino_mcd:cam|RD_N_pe:regb|s[3] ; mcd:pr_mcd|camino_mcd:cam|RD_N_pe:rega|s[2] ; reloj        ; reloj       ; 1.000        ; -0.378     ; 3.519      ;
; -2.902 ; mcd:pr_mcd|camino_mcd:cam|RD_N_pe:regb|s[3] ; mcd:pr_mcd|camino_mcd:cam|RD_N_pe:rega|s[3] ; reloj        ; reloj       ; 1.000        ; -0.378     ; 3.519      ;
; -2.902 ; mcd:pr_mcd|camino_mcd:cam|RD_N_pe:regb|s[3] ; mcd:pr_mcd|camino_mcd:cam|RD_N_pe:rega|s[4] ; reloj        ; reloj       ; 1.000        ; -0.378     ; 3.519      ;
; -2.902 ; mcd:pr_mcd|camino_mcd:cam|RD_N_pe:regb|s[3] ; mcd:pr_mcd|camino_mcd:cam|RD_N_pe:rega|s[6] ; reloj        ; reloj       ; 1.000        ; -0.378     ; 3.519      ;
; -2.902 ; mcd:pr_mcd|camino_mcd:cam|RD_N_pe:regb|s[3] ; mcd:pr_mcd|camino_mcd:cam|RD_N_pe:rega|s[0] ; reloj        ; reloj       ; 1.000        ; -0.378     ; 3.519      ;
; -2.902 ; mcd:pr_mcd|camino_mcd:cam|RD_N_pe:regb|s[3] ; mcd:pr_mcd|camino_mcd:cam|RD_N_pe:regb|s[0] ; reloj        ; reloj       ; 1.000        ; -0.378     ; 3.519      ;
; -2.879 ; mcd:pr_mcd|camino_mcd:cam|RD_N_pe:rega|s[0] ; mcd:pr_mcd|camino_mcd:cam|RD_N_pe:regb|s[1] ; reloj        ; reloj       ; 1.000        ; -0.067     ; 3.807      ;
; -2.879 ; mcd:pr_mcd|camino_mcd:cam|RD_N_pe:rega|s[0] ; mcd:pr_mcd|camino_mcd:cam|RD_N_pe:rega|s[1] ; reloj        ; reloj       ; 1.000        ; -0.067     ; 3.807      ;
; -2.879 ; mcd:pr_mcd|camino_mcd:cam|RD_N_pe:rega|s[0] ; mcd:pr_mcd|camino_mcd:cam|RD_N_pe:regb|s[2] ; reloj        ; reloj       ; 1.000        ; -0.067     ; 3.807      ;
; -2.879 ; mcd:pr_mcd|camino_mcd:cam|RD_N_pe:rega|s[0] ; mcd:pr_mcd|camino_mcd:cam|RD_N_pe:rega|s[2] ; reloj        ; reloj       ; 1.000        ; -0.067     ; 3.807      ;
; -2.879 ; mcd:pr_mcd|camino_mcd:cam|RD_N_pe:rega|s[0] ; mcd:pr_mcd|camino_mcd:cam|RD_N_pe:rega|s[3] ; reloj        ; reloj       ; 1.000        ; -0.067     ; 3.807      ;
; -2.879 ; mcd:pr_mcd|camino_mcd:cam|RD_N_pe:rega|s[0] ; mcd:pr_mcd|camino_mcd:cam|RD_N_pe:rega|s[4] ; reloj        ; reloj       ; 1.000        ; -0.067     ; 3.807      ;
; -2.879 ; mcd:pr_mcd|camino_mcd:cam|RD_N_pe:rega|s[0] ; mcd:pr_mcd|camino_mcd:cam|RD_N_pe:rega|s[6] ; reloj        ; reloj       ; 1.000        ; -0.067     ; 3.807      ;
; -2.879 ; mcd:pr_mcd|camino_mcd:cam|RD_N_pe:rega|s[0] ; mcd:pr_mcd|camino_mcd:cam|RD_N_pe:rega|s[0] ; reloj        ; reloj       ; 1.000        ; -0.067     ; 3.807      ;
; -2.879 ; mcd:pr_mcd|camino_mcd:cam|RD_N_pe:rega|s[0] ; mcd:pr_mcd|camino_mcd:cam|RD_N_pe:regb|s[0] ; reloj        ; reloj       ; 1.000        ; -0.067     ; 3.807      ;
; -2.866 ; mcd:pr_mcd|camino_mcd:cam|RD_N_pe:rega|s[5] ; mcd:pr_mcd|camino_mcd:cam|RD_N_pe:regb|s[1] ; reloj        ; reloj       ; 1.000        ; -0.381     ; 3.480      ;
; -2.866 ; mcd:pr_mcd|camino_mcd:cam|RD_N_pe:rega|s[5] ; mcd:pr_mcd|camino_mcd:cam|RD_N_pe:rega|s[1] ; reloj        ; reloj       ; 1.000        ; -0.381     ; 3.480      ;
; -2.866 ; mcd:pr_mcd|camino_mcd:cam|RD_N_pe:rega|s[5] ; mcd:pr_mcd|camino_mcd:cam|RD_N_pe:regb|s[2] ; reloj        ; reloj       ; 1.000        ; -0.381     ; 3.480      ;
; -2.866 ; mcd:pr_mcd|camino_mcd:cam|RD_N_pe:rega|s[5] ; mcd:pr_mcd|camino_mcd:cam|RD_N_pe:rega|s[2] ; reloj        ; reloj       ; 1.000        ; -0.381     ; 3.480      ;
; -2.866 ; mcd:pr_mcd|camino_mcd:cam|RD_N_pe:rega|s[5] ; mcd:pr_mcd|camino_mcd:cam|RD_N_pe:rega|s[3] ; reloj        ; reloj       ; 1.000        ; -0.381     ; 3.480      ;
; -2.866 ; mcd:pr_mcd|camino_mcd:cam|RD_N_pe:rega|s[5] ; mcd:pr_mcd|camino_mcd:cam|RD_N_pe:rega|s[4] ; reloj        ; reloj       ; 1.000        ; -0.381     ; 3.480      ;
; -2.866 ; mcd:pr_mcd|camino_mcd:cam|RD_N_pe:rega|s[5] ; mcd:pr_mcd|camino_mcd:cam|RD_N_pe:rega|s[6] ; reloj        ; reloj       ; 1.000        ; -0.381     ; 3.480      ;
; -2.866 ; mcd:pr_mcd|camino_mcd:cam|RD_N_pe:rega|s[5] ; mcd:pr_mcd|camino_mcd:cam|RD_N_pe:rega|s[0] ; reloj        ; reloj       ; 1.000        ; -0.381     ; 3.480      ;
; -2.866 ; mcd:pr_mcd|camino_mcd:cam|RD_N_pe:rega|s[5] ; mcd:pr_mcd|camino_mcd:cam|RD_N_pe:regb|s[0] ; reloj        ; reloj       ; 1.000        ; -0.381     ; 3.480      ;
; -2.845 ; mcd:pr_mcd|camino_mcd:cam|RD_N_pe:regb|s[0] ; mcd:pr_mcd|camino_mcd:cam|RD_N_pe:regb|s[6] ; reloj        ; reloj       ; 1.000        ; 0.232      ; 4.072      ;
; -2.845 ; mcd:pr_mcd|camino_mcd:cam|RD_N_pe:regb|s[0] ; mcd:pr_mcd|camino_mcd:cam|RD_N_pe:regb|s[3] ; reloj        ; reloj       ; 1.000        ; 0.232      ; 4.072      ;
; -2.845 ; mcd:pr_mcd|camino_mcd:cam|RD_N_pe:regb|s[0] ; mcd:pr_mcd|camino_mcd:cam|RD_N_pe:regb|s[4] ; reloj        ; reloj       ; 1.000        ; 0.232      ; 4.072      ;
; -2.845 ; mcd:pr_mcd|camino_mcd:cam|RD_N_pe:regb|s[0] ; mcd:pr_mcd|camino_mcd:cam|RD_N_pe:regb|s[5] ; reloj        ; reloj       ; 1.000        ; 0.232      ; 4.072      ;
; -2.821 ; mcd:pr_mcd|camino_mcd:cam|RD_N_pe:rega|s[4] ; mcd:pr_mcd|camino_mcd:cam|RD_N_pe:regb|s[1] ; reloj        ; reloj       ; 1.000        ; -0.067     ; 3.749      ;
; -2.821 ; mcd:pr_mcd|camino_mcd:cam|RD_N_pe:rega|s[4] ; mcd:pr_mcd|camino_mcd:cam|RD_N_pe:rega|s[1] ; reloj        ; reloj       ; 1.000        ; -0.067     ; 3.749      ;
; -2.821 ; mcd:pr_mcd|camino_mcd:cam|RD_N_pe:rega|s[4] ; mcd:pr_mcd|camino_mcd:cam|RD_N_pe:regb|s[2] ; reloj        ; reloj       ; 1.000        ; -0.067     ; 3.749      ;
; -2.821 ; mcd:pr_mcd|camino_mcd:cam|RD_N_pe:rega|s[4] ; mcd:pr_mcd|camino_mcd:cam|RD_N_pe:rega|s[2] ; reloj        ; reloj       ; 1.000        ; -0.067     ; 3.749      ;
; -2.821 ; mcd:pr_mcd|camino_mcd:cam|RD_N_pe:rega|s[4] ; mcd:pr_mcd|camino_mcd:cam|RD_N_pe:rega|s[3] ; reloj        ; reloj       ; 1.000        ; -0.067     ; 3.749      ;
; -2.821 ; mcd:pr_mcd|camino_mcd:cam|RD_N_pe:rega|s[4] ; mcd:pr_mcd|camino_mcd:cam|RD_N_pe:rega|s[4] ; reloj        ; reloj       ; 1.000        ; -0.067     ; 3.749      ;
; -2.821 ; mcd:pr_mcd|camino_mcd:cam|RD_N_pe:rega|s[4] ; mcd:pr_mcd|camino_mcd:cam|RD_N_pe:rega|s[6] ; reloj        ; reloj       ; 1.000        ; -0.067     ; 3.749      ;
; -2.821 ; mcd:pr_mcd|camino_mcd:cam|RD_N_pe:rega|s[4] ; mcd:pr_mcd|camino_mcd:cam|RD_N_pe:rega|s[0] ; reloj        ; reloj       ; 1.000        ; -0.067     ; 3.749      ;
; -2.821 ; mcd:pr_mcd|camino_mcd:cam|RD_N_pe:rega|s[4] ; mcd:pr_mcd|camino_mcd:cam|RD_N_pe:regb|s[0] ; reloj        ; reloj       ; 1.000        ; -0.067     ; 3.749      ;
; -2.819 ; mcd:pr_mcd|camino_mcd:cam|RD_N_pe:rega|s[2] ; mcd:pr_mcd|camino_mcd:cam|RD_N_pe:regb|s[1] ; reloj        ; reloj       ; 1.000        ; -0.067     ; 3.747      ;
; -2.819 ; mcd:pr_mcd|camino_mcd:cam|RD_N_pe:rega|s[2] ; mcd:pr_mcd|camino_mcd:cam|RD_N_pe:rega|s[1] ; reloj        ; reloj       ; 1.000        ; -0.067     ; 3.747      ;
; -2.819 ; mcd:pr_mcd|camino_mcd:cam|RD_N_pe:rega|s[2] ; mcd:pr_mcd|camino_mcd:cam|RD_N_pe:regb|s[2] ; reloj        ; reloj       ; 1.000        ; -0.067     ; 3.747      ;
; -2.819 ; mcd:pr_mcd|camino_mcd:cam|RD_N_pe:rega|s[2] ; mcd:pr_mcd|camino_mcd:cam|RD_N_pe:rega|s[2] ; reloj        ; reloj       ; 1.000        ; -0.067     ; 3.747      ;
; -2.819 ; mcd:pr_mcd|camino_mcd:cam|RD_N_pe:rega|s[2] ; mcd:pr_mcd|camino_mcd:cam|RD_N_pe:rega|s[3] ; reloj        ; reloj       ; 1.000        ; -0.067     ; 3.747      ;
; -2.819 ; mcd:pr_mcd|camino_mcd:cam|RD_N_pe:rega|s[2] ; mcd:pr_mcd|camino_mcd:cam|RD_N_pe:rega|s[4] ; reloj        ; reloj       ; 1.000        ; -0.067     ; 3.747      ;
; -2.819 ; mcd:pr_mcd|camino_mcd:cam|RD_N_pe:rega|s[2] ; mcd:pr_mcd|camino_mcd:cam|RD_N_pe:rega|s[6] ; reloj        ; reloj       ; 1.000        ; -0.067     ; 3.747      ;
; -2.819 ; mcd:pr_mcd|camino_mcd:cam|RD_N_pe:rega|s[2] ; mcd:pr_mcd|camino_mcd:cam|RD_N_pe:rega|s[0] ; reloj        ; reloj       ; 1.000        ; -0.067     ; 3.747      ;
; -2.819 ; mcd:pr_mcd|camino_mcd:cam|RD_N_pe:rega|s[2] ; mcd:pr_mcd|camino_mcd:cam|RD_N_pe:regb|s[0] ; reloj        ; reloj       ; 1.000        ; -0.067     ; 3.747      ;
; -2.799 ; mcd:pr_mcd|camino_mcd:cam|RD_N_pe:regb|s[4] ; mcd:pr_mcd|camino_mcd:cam|RD_N_pe:regb|s[1] ; reloj        ; reloj       ; 1.000        ; -0.378     ; 3.416      ;
; -2.799 ; mcd:pr_mcd|camino_mcd:cam|RD_N_pe:regb|s[4] ; mcd:pr_mcd|camino_mcd:cam|RD_N_pe:rega|s[1] ; reloj        ; reloj       ; 1.000        ; -0.378     ; 3.416      ;
; -2.799 ; mcd:pr_mcd|camino_mcd:cam|RD_N_pe:regb|s[4] ; mcd:pr_mcd|camino_mcd:cam|RD_N_pe:regb|s[2] ; reloj        ; reloj       ; 1.000        ; -0.378     ; 3.416      ;
; -2.799 ; mcd:pr_mcd|camino_mcd:cam|RD_N_pe:regb|s[4] ; mcd:pr_mcd|camino_mcd:cam|RD_N_pe:rega|s[2] ; reloj        ; reloj       ; 1.000        ; -0.378     ; 3.416      ;
; -2.799 ; mcd:pr_mcd|camino_mcd:cam|RD_N_pe:regb|s[4] ; mcd:pr_mcd|camino_mcd:cam|RD_N_pe:rega|s[3] ; reloj        ; reloj       ; 1.000        ; -0.378     ; 3.416      ;
; -2.799 ; mcd:pr_mcd|camino_mcd:cam|RD_N_pe:regb|s[4] ; mcd:pr_mcd|camino_mcd:cam|RD_N_pe:rega|s[4] ; reloj        ; reloj       ; 1.000        ; -0.378     ; 3.416      ;
; -2.799 ; mcd:pr_mcd|camino_mcd:cam|RD_N_pe:regb|s[4] ; mcd:pr_mcd|camino_mcd:cam|RD_N_pe:rega|s[6] ; reloj        ; reloj       ; 1.000        ; -0.378     ; 3.416      ;
; -2.799 ; mcd:pr_mcd|camino_mcd:cam|RD_N_pe:regb|s[4] ; mcd:pr_mcd|camino_mcd:cam|RD_N_pe:rega|s[0] ; reloj        ; reloj       ; 1.000        ; -0.378     ; 3.416      ;
; -2.799 ; mcd:pr_mcd|camino_mcd:cam|RD_N_pe:regb|s[4] ; mcd:pr_mcd|camino_mcd:cam|RD_N_pe:regb|s[0] ; reloj        ; reloj       ; 1.000        ; -0.378     ; 3.416      ;
; -2.795 ; mcd:pr_mcd|camino_mcd:cam|RD_N_pe:regb|s[5] ; mcd:pr_mcd|camino_mcd:cam|RD_N_pe:regb|s[1] ; reloj        ; reloj       ; 1.000        ; -0.378     ; 3.412      ;
; -2.795 ; mcd:pr_mcd|camino_mcd:cam|RD_N_pe:regb|s[5] ; mcd:pr_mcd|camino_mcd:cam|RD_N_pe:rega|s[1] ; reloj        ; reloj       ; 1.000        ; -0.378     ; 3.412      ;
; -2.795 ; mcd:pr_mcd|camino_mcd:cam|RD_N_pe:regb|s[5] ; mcd:pr_mcd|camino_mcd:cam|RD_N_pe:regb|s[2] ; reloj        ; reloj       ; 1.000        ; -0.378     ; 3.412      ;
; -2.795 ; mcd:pr_mcd|camino_mcd:cam|RD_N_pe:regb|s[5] ; mcd:pr_mcd|camino_mcd:cam|RD_N_pe:rega|s[2] ; reloj        ; reloj       ; 1.000        ; -0.378     ; 3.412      ;
; -2.795 ; mcd:pr_mcd|camino_mcd:cam|RD_N_pe:regb|s[5] ; mcd:pr_mcd|camino_mcd:cam|RD_N_pe:rega|s[3] ; reloj        ; reloj       ; 1.000        ; -0.378     ; 3.412      ;
; -2.795 ; mcd:pr_mcd|camino_mcd:cam|RD_N_pe:regb|s[5] ; mcd:pr_mcd|camino_mcd:cam|RD_N_pe:rega|s[4] ; reloj        ; reloj       ; 1.000        ; -0.378     ; 3.412      ;
; -2.795 ; mcd:pr_mcd|camino_mcd:cam|RD_N_pe:regb|s[5] ; mcd:pr_mcd|camino_mcd:cam|RD_N_pe:rega|s[6] ; reloj        ; reloj       ; 1.000        ; -0.378     ; 3.412      ;
; -2.795 ; mcd:pr_mcd|camino_mcd:cam|RD_N_pe:regb|s[5] ; mcd:pr_mcd|camino_mcd:cam|RD_N_pe:rega|s[0] ; reloj        ; reloj       ; 1.000        ; -0.378     ; 3.412      ;
; -2.795 ; mcd:pr_mcd|camino_mcd:cam|RD_N_pe:regb|s[5] ; mcd:pr_mcd|camino_mcd:cam|RD_N_pe:regb|s[0] ; reloj        ; reloj       ; 1.000        ; -0.378     ; 3.412      ;
; -2.790 ; mcd:pr_mcd|camino_mcd:cam|RD_N_pe:regb|s[1] ; mcd:pr_mcd|camino_mcd:cam|RD_N_pe:regb|s[1] ; reloj        ; reloj       ; 1.000        ; -0.067     ; 3.718      ;
; -2.790 ; mcd:pr_mcd|camino_mcd:cam|RD_N_pe:regb|s[1] ; mcd:pr_mcd|camino_mcd:cam|RD_N_pe:rega|s[1] ; reloj        ; reloj       ; 1.000        ; -0.067     ; 3.718      ;
; -2.790 ; mcd:pr_mcd|camino_mcd:cam|RD_N_pe:regb|s[1] ; mcd:pr_mcd|camino_mcd:cam|RD_N_pe:regb|s[2] ; reloj        ; reloj       ; 1.000        ; -0.067     ; 3.718      ;
; -2.790 ; mcd:pr_mcd|camino_mcd:cam|RD_N_pe:regb|s[1] ; mcd:pr_mcd|camino_mcd:cam|RD_N_pe:rega|s[2] ; reloj        ; reloj       ; 1.000        ; -0.067     ; 3.718      ;
; -2.790 ; mcd:pr_mcd|camino_mcd:cam|RD_N_pe:regb|s[1] ; mcd:pr_mcd|camino_mcd:cam|RD_N_pe:rega|s[3] ; reloj        ; reloj       ; 1.000        ; -0.067     ; 3.718      ;
; -2.790 ; mcd:pr_mcd|camino_mcd:cam|RD_N_pe:regb|s[1] ; mcd:pr_mcd|camino_mcd:cam|RD_N_pe:rega|s[4] ; reloj        ; reloj       ; 1.000        ; -0.067     ; 3.718      ;
; -2.790 ; mcd:pr_mcd|camino_mcd:cam|RD_N_pe:regb|s[1] ; mcd:pr_mcd|camino_mcd:cam|RD_N_pe:rega|s[6] ; reloj        ; reloj       ; 1.000        ; -0.067     ; 3.718      ;
; -2.790 ; mcd:pr_mcd|camino_mcd:cam|RD_N_pe:regb|s[1] ; mcd:pr_mcd|camino_mcd:cam|RD_N_pe:rega|s[0] ; reloj        ; reloj       ; 1.000        ; -0.067     ; 3.718      ;
; -2.790 ; mcd:pr_mcd|camino_mcd:cam|RD_N_pe:regb|s[1] ; mcd:pr_mcd|camino_mcd:cam|RD_N_pe:regb|s[0] ; reloj        ; reloj       ; 1.000        ; -0.067     ; 3.718      ;
; -2.755 ; mcd:pr_mcd|camino_mcd:cam|RD_N_pe:rega|s[6] ; mcd:pr_mcd|camino_mcd:cam|RD_N_pe:regb|s[1] ; reloj        ; reloj       ; 1.000        ; -0.067     ; 3.683      ;
; -2.755 ; mcd:pr_mcd|camino_mcd:cam|RD_N_pe:rega|s[6] ; mcd:pr_mcd|camino_mcd:cam|RD_N_pe:rega|s[1] ; reloj        ; reloj       ; 1.000        ; -0.067     ; 3.683      ;
; -2.755 ; mcd:pr_mcd|camino_mcd:cam|RD_N_pe:rega|s[6] ; mcd:pr_mcd|camino_mcd:cam|RD_N_pe:regb|s[2] ; reloj        ; reloj       ; 1.000        ; -0.067     ; 3.683      ;
; -2.755 ; mcd:pr_mcd|camino_mcd:cam|RD_N_pe:rega|s[6] ; mcd:pr_mcd|camino_mcd:cam|RD_N_pe:rega|s[2] ; reloj        ; reloj       ; 1.000        ; -0.067     ; 3.683      ;
; -2.755 ; mcd:pr_mcd|camino_mcd:cam|RD_N_pe:rega|s[6] ; mcd:pr_mcd|camino_mcd:cam|RD_N_pe:rega|s[3] ; reloj        ; reloj       ; 1.000        ; -0.067     ; 3.683      ;
; -2.755 ; mcd:pr_mcd|camino_mcd:cam|RD_N_pe:rega|s[6] ; mcd:pr_mcd|camino_mcd:cam|RD_N_pe:rega|s[4] ; reloj        ; reloj       ; 1.000        ; -0.067     ; 3.683      ;
; -2.755 ; mcd:pr_mcd|camino_mcd:cam|RD_N_pe:rega|s[6] ; mcd:pr_mcd|camino_mcd:cam|RD_N_pe:rega|s[6] ; reloj        ; reloj       ; 1.000        ; -0.067     ; 3.683      ;
; -2.755 ; mcd:pr_mcd|camino_mcd:cam|RD_N_pe:rega|s[6] ; mcd:pr_mcd|camino_mcd:cam|RD_N_pe:rega|s[0] ; reloj        ; reloj       ; 1.000        ; -0.067     ; 3.683      ;
; -2.755 ; mcd:pr_mcd|camino_mcd:cam|RD_N_pe:rega|s[6] ; mcd:pr_mcd|camino_mcd:cam|RD_N_pe:regb|s[0] ; reloj        ; reloj       ; 1.000        ; -0.067     ; 3.683      ;
; -2.748 ; mcd:pr_mcd|camino_mcd:cam|RD_N_pe:regb|s[3] ; mcd:pr_mcd|camino_mcd:cam|RD_N_pe:regb|s[6] ; reloj        ; reloj       ; 1.000        ; -0.079     ; 3.664      ;
; -2.748 ; mcd:pr_mcd|camino_mcd:cam|RD_N_pe:regb|s[3] ; mcd:pr_mcd|camino_mcd:cam|RD_N_pe:regb|s[3] ; reloj        ; reloj       ; 1.000        ; -0.079     ; 3.664      ;
; -2.748 ; mcd:pr_mcd|camino_mcd:cam|RD_N_pe:regb|s[3] ; mcd:pr_mcd|camino_mcd:cam|RD_N_pe:regb|s[4] ; reloj        ; reloj       ; 1.000        ; -0.079     ; 3.664      ;
; -2.748 ; mcd:pr_mcd|camino_mcd:cam|RD_N_pe:regb|s[3] ; mcd:pr_mcd|camino_mcd:cam|RD_N_pe:regb|s[5] ; reloj        ; reloj       ; 1.000        ; -0.079     ; 3.664      ;
; -2.743 ; mcd:pr_mcd|camino_mcd:cam|RD_N_pe:rega|s[1] ; mcd:pr_mcd|camino_mcd:cam|RD_N_pe:regb|s[1] ; reloj        ; reloj       ; 1.000        ; -0.067     ; 3.671      ;
; -2.743 ; mcd:pr_mcd|camino_mcd:cam|RD_N_pe:rega|s[1] ; mcd:pr_mcd|camino_mcd:cam|RD_N_pe:rega|s[1] ; reloj        ; reloj       ; 1.000        ; -0.067     ; 3.671      ;
+--------+---------------------------------------------+---------------------------------------------+--------------+-------------+--------------+------------+------------+


+-------------------------------------------------------------------------------------------------------------------------------------------------------------------------------------+
; Slow 1200mV 0C Model Hold: 'reloj'                                                                                                                                                  ;
+-------+---------------------------------------------------+---------------------------------------------------+--------------+-------------+--------------+------------+------------+
; Slack ; From Node                                         ; To Node                                           ; Launch Clock ; Latch Clock ; Relationship ; Clock Skew ; Data Delay ;
+-------+---------------------------------------------------+---------------------------------------------------+--------------+-------------+--------------+------------+------------+
; 0.287 ; mcd:pr_mcd|control:cnt|\reg_estado:v_estado.CALC  ; mcd:pr_mcd|control:cnt|\reg_estado:v_estado.CALC  ; reloj        ; reloj       ; 0.000        ; 0.080      ; 0.511      ;
; 0.288 ; mcd:pr_mcd|camino_mcd:cam|RD_N_pe:regb|s[6]       ; mcd:pr_mcd|camino_mcd:cam|RD_N_pe:regb|s[6]       ; reloj        ; reloj       ; 0.000        ; 0.079      ; 0.511      ;
; 0.288 ; mcd:pr_mcd|camino_mcd:cam|RD_N_pe:regb|s[3]       ; mcd:pr_mcd|camino_mcd:cam|RD_N_pe:regb|s[3]       ; reloj        ; reloj       ; 0.000        ; 0.079      ; 0.511      ;
; 0.288 ; mcd:pr_mcd|camino_mcd:cam|RD_N_pe:regb|s[4]       ; mcd:pr_mcd|camino_mcd:cam|RD_N_pe:regb|s[4]       ; reloj        ; reloj       ; 0.000        ; 0.079      ; 0.511      ;
; 0.288 ; mcd:pr_mcd|camino_mcd:cam|RD_N_pe:regb|s[5]       ; mcd:pr_mcd|camino_mcd:cam|RD_N_pe:regb|s[5]       ; reloj        ; reloj       ; 0.000        ; 0.079      ; 0.511      ;
; 0.288 ; mcd:pr_mcd|camino_mcd:cam|RD_N_pe:regb|s[7]       ; mcd:pr_mcd|camino_mcd:cam|RD_N_pe:regb|s[7]       ; reloj        ; reloj       ; 0.000        ; 0.079      ; 0.511      ;
; 0.300 ; mcd:pr_mcd|camino_mcd:cam|RD_N_pe:regb|s[1]       ; mcd:pr_mcd|camino_mcd:cam|RD_N_pe:regb|s[1]       ; reloj        ; reloj       ; 0.000        ; 0.067      ; 0.511      ;
; 0.300 ; mcd:pr_mcd|camino_mcd:cam|RD_N_pe:regb|s[2]       ; mcd:pr_mcd|camino_mcd:cam|RD_N_pe:regb|s[2]       ; reloj        ; reloj       ; 0.000        ; 0.067      ; 0.511      ;
; 0.300 ; mcd:pr_mcd|camino_mcd:cam|RD_N_pe:regb|s[0]       ; mcd:pr_mcd|camino_mcd:cam|RD_N_pe:regb|s[0]       ; reloj        ; reloj       ; 0.000        ; 0.067      ; 0.511      ;
; 0.301 ; mcd:pr_mcd|control:cnt|\reg_estado:v_estado.ESP   ; mcd:pr_mcd|control:cnt|\reg_estado:v_estado.ESP   ; reloj        ; reloj       ; 0.000        ; 0.066      ; 0.511      ;
; 0.310 ; mcd:pr_mcd|camino_mcd:cam|RD_N_pe:rega|s[3]       ; mcd:pr_mcd|camino_mcd:cam|RD_N_pe:regb|s[3]       ; reloj        ; reloj       ; 0.000        ; 0.378      ; 0.832      ;
; 0.342 ; mcd:pr_mcd|camino_mcd:cam|RD_N_pe:rega|s[6]       ; mcd:pr_mcd|camino_mcd:cam|RD_N_pe:regb|s[6]       ; reloj        ; reloj       ; 0.000        ; 0.378      ; 0.864      ;
; 0.348 ; mcd:pr_mcd|camino_mcd:cam|RD_N_pe:rega|s[4]       ; mcd:pr_mcd|camino_mcd:cam|RD_N_pe:regb|s[4]       ; reloj        ; reloj       ; 0.000        ; 0.378      ; 0.870      ;
; 0.509 ; mcd:pr_mcd|camino_mcd:cam|RD_N_pe:rega|s[2]       ; mcd:pr_mcd|camino_mcd:cam|RD_N_pe:regb|s[2]       ; reloj        ; reloj       ; 0.000        ; 0.067      ; 0.720      ;
; 0.525 ; mcd:pr_mcd|camino_mcd:cam|RD_N_pe:rega|s[1]       ; mcd:pr_mcd|camino_mcd:cam|RD_N_pe:regb|s[1]       ; reloj        ; reloj       ; 0.000        ; 0.067      ; 0.736      ;
; 0.623 ; mcd:pr_mcd|camino_mcd:cam|RD_N_pe:rega|s[7]       ; mcd:pr_mcd|camino_mcd:cam|RD_N_pe:regb|s[7]       ; reloj        ; reloj       ; 0.000        ; 0.079      ; 0.846      ;
; 0.632 ; mcd:pr_mcd|control:cnt|\reg_estado:v_estado.ESP   ; mcd:pr_mcd|control:cnt|\reg_estado:v_estado.CALC  ; reloj        ; reloj       ; 0.000        ; 0.405      ; 1.181      ;
; 0.643 ; mcd:pr_mcd|camino_mcd:cam|RD_N_pe:rega|s[5]       ; mcd:pr_mcd|camino_mcd:cam|RD_N_pe:regb|s[5]       ; reloj        ; reloj       ; 0.000        ; 0.076      ; 0.863      ;
; 0.648 ; mcd:pr_mcd|control:cnt|\reg_estado:v_estado.ESP   ; mcd:pr_mcd|control:cnt|\reg_estado:v_estado.HECHO ; reloj        ; reloj       ; 0.000        ; 0.405      ; 1.197      ;
; 0.735 ; mcd:pr_mcd|camino_mcd:cam|RD_N_pe:regb|s[7]       ; mcd:pr_mcd|camino_mcd:cam|RD_N_pe:rega|s[7]       ; reloj        ; reloj       ; 0.000        ; 0.079      ; 0.958      ;
; 0.743 ; mcd:pr_mcd|camino_mcd:cam|RD_N_pe:regb|s[1]       ; mcd:pr_mcd|camino_mcd:cam|RD_N_pe:rega|s[1]       ; reloj        ; reloj       ; 0.000        ; 0.067      ; 0.954      ;
; 0.747 ; mcd:pr_mcd|camino_mcd:cam|RD_N_pe:regb|s[2]       ; mcd:pr_mcd|camino_mcd:cam|RD_N_pe:rega|s[2]       ; reloj        ; reloj       ; 0.000        ; 0.067      ; 0.958      ;
; 0.751 ; mcd:pr_mcd|camino_mcd:cam|RD_N_pe:regb|s[0]       ; mcd:pr_mcd|camino_mcd:cam|RD_N_pe:rega|s[0]       ; reloj        ; reloj       ; 0.000        ; 0.067      ; 0.962      ;
; 0.770 ; mcd:pr_mcd|camino_mcd:cam|RD_N_pe:regb|s[7]       ; mcd:pr_mcd|camino_mcd:cam|RD_N_pe:regb|s[6]       ; reloj        ; reloj       ; 0.000        ; 0.076      ; 0.990      ;
; 0.770 ; mcd:pr_mcd|camino_mcd:cam|RD_N_pe:regb|s[7]       ; mcd:pr_mcd|camino_mcd:cam|RD_N_pe:regb|s[3]       ; reloj        ; reloj       ; 0.000        ; 0.076      ; 0.990      ;
; 0.771 ; mcd:pr_mcd|camino_mcd:cam|RD_N_pe:regb|s[7]       ; mcd:pr_mcd|camino_mcd:cam|RD_N_pe:regb|s[4]       ; reloj        ; reloj       ; 0.000        ; 0.076      ; 0.991      ;
; 0.771 ; mcd:pr_mcd|camino_mcd:cam|RD_N_pe:regb|s[7]       ; mcd:pr_mcd|camino_mcd:cam|RD_N_pe:regb|s[5]       ; reloj        ; reloj       ; 0.000        ; 0.076      ; 0.991      ;
; 0.772 ; mcd:pr_mcd|camino_mcd:cam|RD_N_pe:regb|s[2]       ; mcd:pr_mcd|camino_mcd:cam|RD_N_pe:rega|s[5]       ; reloj        ; reloj       ; 0.000        ; 0.381      ; 1.297      ;
; 0.772 ; mcd:pr_mcd|control:cnt|\reg_estado:v_estado.CALC  ; mcd:pr_mcd|control:cnt|\reg_estado:v_estado.HECHO ; reloj        ; reloj       ; 0.000        ; 0.080      ; 0.996      ;
; 0.783 ; mcd:pr_mcd|camino_mcd:cam|RD_N_pe:regb|s[1]       ; mcd:pr_mcd|camino_mcd:cam|RD_N_pe:rega|s[5]       ; reloj        ; reloj       ; 0.000        ; 0.381      ; 1.308      ;
; 0.798 ; mcd:pr_mcd|control:cnt|\reg_estado:v_estado.ESP   ; mcd:pr_mcd|camino_mcd:cam|RD_N_pe:rega|s[5]       ; reloj        ; reloj       ; 0.000        ; 0.381      ; 1.323      ;
; 0.798 ; mcd:pr_mcd|control:cnt|\reg_estado:v_estado.ESP   ; mcd:pr_mcd|camino_mcd:cam|RD_N_pe:regb|s[7]       ; reloj        ; reloj       ; 0.000        ; 0.381      ; 1.323      ;
; 0.798 ; mcd:pr_mcd|control:cnt|\reg_estado:v_estado.ESP   ; mcd:pr_mcd|camino_mcd:cam|RD_N_pe:rega|s[7]       ; reloj        ; reloj       ; 0.000        ; 0.381      ; 1.323      ;
; 0.851 ; mcd:pr_mcd|control:cnt|\reg_estado:v_estado.HECHO ; mcd:pr_mcd|control:cnt|\reg_estado:v_estado.ESP   ; reloj        ; reloj       ; 0.000        ; -0.259     ; 0.736      ;
; 0.854 ; mcd:pr_mcd|camino_mcd:cam|RD_N_pe:regb|s[5]       ; mcd:pr_mcd|camino_mcd:cam|RD_N_pe:rega|s[5]       ; reloj        ; reloj       ; 0.000        ; 0.082      ; 1.080      ;
; 0.866 ; mcd:pr_mcd|camino_mcd:cam|RD_N_pe:regb|s[0]       ; mcd:pr_mcd|camino_mcd:cam|RD_N_pe:rega|s[5]       ; reloj        ; reloj       ; 0.000        ; 0.381      ; 1.391      ;
; 0.868 ; mcd:pr_mcd|camino_mcd:cam|RD_N_pe:regb|s[2]       ; mcd:pr_mcd|camino_mcd:cam|RD_N_pe:rega|s[7]       ; reloj        ; reloj       ; 0.000        ; 0.381      ; 1.393      ;
; 0.879 ; mcd:pr_mcd|camino_mcd:cam|RD_N_pe:regb|s[1]       ; mcd:pr_mcd|camino_mcd:cam|RD_N_pe:rega|s[7]       ; reloj        ; reloj       ; 0.000        ; 0.381      ; 1.404      ;
; 0.917 ; mcd:pr_mcd|control:cnt|\reg_estado:v_estado.ESP   ; mcd:pr_mcd|camino_mcd:cam|RD_N_pe:regb|s[6]       ; reloj        ; reloj       ; 0.000        ; 0.378      ; 1.439      ;
; 0.917 ; mcd:pr_mcd|control:cnt|\reg_estado:v_estado.ESP   ; mcd:pr_mcd|camino_mcd:cam|RD_N_pe:regb|s[3]       ; reloj        ; reloj       ; 0.000        ; 0.378      ; 1.439      ;
; 0.917 ; mcd:pr_mcd|control:cnt|\reg_estado:v_estado.ESP   ; mcd:pr_mcd|camino_mcd:cam|RD_N_pe:regb|s[4]       ; reloj        ; reloj       ; 0.000        ; 0.378      ; 1.439      ;
; 0.917 ; mcd:pr_mcd|control:cnt|\reg_estado:v_estado.ESP   ; mcd:pr_mcd|camino_mcd:cam|RD_N_pe:regb|s[5]       ; reloj        ; reloj       ; 0.000        ; 0.378      ; 1.439      ;
; 0.942 ; mcd:pr_mcd|control:cnt|\reg_estado:v_estado.HECHO ; mcd:pr_mcd|control:cnt|\reg_estado:v_estado.HECHO ; reloj        ; reloj       ; 0.000        ; 0.080      ; 1.166      ;
; 0.949 ; mcd:pr_mcd|camino_mcd:cam|RD_N_pe:rega|s[2]       ; mcd:pr_mcd|camino_mcd:cam|RD_N_pe:rega|s[2]       ; reloj        ; reloj       ; 0.000        ; 0.067      ; 1.160      ;
; 0.961 ; mcd:pr_mcd|camino_mcd:cam|RD_N_pe:rega|s[1]       ; mcd:pr_mcd|camino_mcd:cam|RD_N_pe:rega|s[1]       ; reloj        ; reloj       ; 0.000        ; 0.067      ; 1.172      ;
; 0.962 ; mcd:pr_mcd|camino_mcd:cam|RD_N_pe:regb|s[0]       ; mcd:pr_mcd|camino_mcd:cam|RD_N_pe:rega|s[7]       ; reloj        ; reloj       ; 0.000        ; 0.381      ; 1.487      ;
; 0.966 ; mcd:pr_mcd|camino_mcd:cam|RD_N_pe:rega|s[0]       ; mcd:pr_mcd|camino_mcd:cam|RD_N_pe:regb|s[0]       ; reloj        ; reloj       ; 0.000        ; 0.067      ; 1.177      ;
; 0.971 ; mcd:pr_mcd|camino_mcd:cam|RD_N_pe:regb|s[1]       ; mcd:pr_mcd|camino_mcd:cam|RD_N_pe:rega|s[2]       ; reloj        ; reloj       ; 0.000        ; 0.067      ; 1.182      ;
; 0.971 ; mcd:pr_mcd|camino_mcd:cam|RD_N_pe:rega|s[7]       ; mcd:pr_mcd|camino_mcd:cam|RD_N_pe:regb|s[6]       ; reloj        ; reloj       ; 0.000        ; 0.076      ; 1.191      ;
; 0.971 ; mcd:pr_mcd|camino_mcd:cam|RD_N_pe:rega|s[7]       ; mcd:pr_mcd|camino_mcd:cam|RD_N_pe:regb|s[3]       ; reloj        ; reloj       ; 0.000        ; 0.076      ; 1.191      ;
; 0.972 ; mcd:pr_mcd|camino_mcd:cam|RD_N_pe:rega|s[7]       ; mcd:pr_mcd|camino_mcd:cam|RD_N_pe:regb|s[4]       ; reloj        ; reloj       ; 0.000        ; 0.076      ; 1.192      ;
; 0.972 ; mcd:pr_mcd|camino_mcd:cam|RD_N_pe:rega|s[7]       ; mcd:pr_mcd|camino_mcd:cam|RD_N_pe:regb|s[5]       ; reloj        ; reloj       ; 0.000        ; 0.076      ; 1.192      ;
; 0.974 ; mcd:pr_mcd|camino_mcd:cam|RD_N_pe:rega|s[2]       ; mcd:pr_mcd|camino_mcd:cam|RD_N_pe:rega|s[5]       ; reloj        ; reloj       ; 0.000        ; 0.381      ; 1.499      ;
; 0.988 ; mcd:pr_mcd|camino_mcd:cam|RD_N_pe:regb|s[0]       ; mcd:pr_mcd|camino_mcd:cam|RD_N_pe:rega|s[1]       ; reloj        ; reloj       ; 0.000        ; 0.067      ; 1.199      ;
; 0.990 ; mcd:pr_mcd|camino_mcd:cam|RD_N_pe:regb|s[2]       ; mcd:pr_mcd|camino_mcd:cam|RD_N_pe:rega|s[3]       ; reloj        ; reloj       ; 0.000        ; 0.067      ; 1.201      ;
; 1.001 ; mcd:pr_mcd|camino_mcd:cam|RD_N_pe:rega|s[1]       ; mcd:pr_mcd|camino_mcd:cam|RD_N_pe:rega|s[5]       ; reloj        ; reloj       ; 0.000        ; 0.381      ; 1.526      ;
; 1.001 ; mcd:pr_mcd|camino_mcd:cam|RD_N_pe:regb|s[1]       ; mcd:pr_mcd|camino_mcd:cam|RD_N_pe:rega|s[3]       ; reloj        ; reloj       ; 0.000        ; 0.067      ; 1.212      ;
; 1.019 ; mcd:pr_mcd|camino_mcd:cam|RD_N_pe:rega|s[3]       ; mcd:pr_mcd|camino_mcd:cam|RD_N_pe:regb|s[6]       ; reloj        ; reloj       ; 0.000        ; 0.378      ; 1.541      ;
; 1.020 ; mcd:pr_mcd|camino_mcd:cam|RD_N_pe:rega|s[3]       ; mcd:pr_mcd|camino_mcd:cam|RD_N_pe:regb|s[4]       ; reloj        ; reloj       ; 0.000        ; 0.378      ; 1.542      ;
; 1.020 ; mcd:pr_mcd|camino_mcd:cam|RD_N_pe:rega|s[3]       ; mcd:pr_mcd|camino_mcd:cam|RD_N_pe:regb|s[5]       ; reloj        ; reloj       ; 0.000        ; 0.378      ; 1.542      ;
; 1.044 ; mcd:pr_mcd|camino_mcd:cam|RD_N_pe:regb|s[0]       ; mcd:pr_mcd|camino_mcd:cam|RD_N_pe:rega|s[2]       ; reloj        ; reloj       ; 0.000        ; 0.067      ; 1.255      ;
; 1.052 ; mcd:pr_mcd|camino_mcd:cam|RD_N_pe:regb|s[2]       ; mcd:pr_mcd|camino_mcd:cam|RD_N_pe:rega|s[4]       ; reloj        ; reloj       ; 0.000        ; 0.067      ; 1.263      ;
; 1.060 ; mcd:pr_mcd|camino_mcd:cam|RD_N_pe:rega|s[7]       ; mcd:pr_mcd|camino_mcd:cam|RD_N_pe:rega|s[7]       ; reloj        ; reloj       ; 0.000        ; 0.079      ; 1.283      ;
; 1.065 ; mcd:pr_mcd|camino_mcd:cam|RD_N_pe:regb|s[6]       ; mcd:pr_mcd|camino_mcd:cam|RD_N_pe:regb|s[3]       ; reloj        ; reloj       ; 0.000        ; 0.079      ; 1.288      ;
; 1.066 ; mcd:pr_mcd|camino_mcd:cam|RD_N_pe:regb|s[6]       ; mcd:pr_mcd|camino_mcd:cam|RD_N_pe:regb|s[4]       ; reloj        ; reloj       ; 0.000        ; 0.079      ; 1.289      ;
; 1.066 ; mcd:pr_mcd|camino_mcd:cam|RD_N_pe:regb|s[6]       ; mcd:pr_mcd|camino_mcd:cam|RD_N_pe:regb|s[5]       ; reloj        ; reloj       ; 0.000        ; 0.079      ; 1.289      ;
; 1.067 ; mcd:pr_mcd|camino_mcd:cam|RD_N_pe:regb|s[1]       ; mcd:pr_mcd|camino_mcd:cam|RD_N_pe:rega|s[4]       ; reloj        ; reloj       ; 0.000        ; 0.067      ; 1.278      ;
; 1.070 ; mcd:pr_mcd|camino_mcd:cam|RD_N_pe:rega|s[2]       ; mcd:pr_mcd|camino_mcd:cam|RD_N_pe:rega|s[7]       ; reloj        ; reloj       ; 0.000        ; 0.381      ; 1.595      ;
; 1.084 ; mcd:pr_mcd|camino_mcd:cam|RD_N_pe:regb|s[0]       ; mcd:pr_mcd|camino_mcd:cam|RD_N_pe:rega|s[3]       ; reloj        ; reloj       ; 0.000        ; 0.067      ; 1.295      ;
; 1.085 ; mcd:pr_mcd|camino_mcd:cam|RD_N_pe:regb|s[2]       ; mcd:pr_mcd|camino_mcd:cam|RD_N_pe:regb|s[6]       ; reloj        ; reloj       ; 0.000        ; 0.378      ; 1.607      ;
; 1.085 ; mcd:pr_mcd|camino_mcd:cam|RD_N_pe:regb|s[2]       ; mcd:pr_mcd|camino_mcd:cam|RD_N_pe:regb|s[3]       ; reloj        ; reloj       ; 0.000        ; 0.378      ; 1.607      ;
; 1.086 ; mcd:pr_mcd|camino_mcd:cam|RD_N_pe:regb|s[2]       ; mcd:pr_mcd|camino_mcd:cam|RD_N_pe:regb|s[4]       ; reloj        ; reloj       ; 0.000        ; 0.378      ; 1.608      ;
; 1.086 ; mcd:pr_mcd|camino_mcd:cam|RD_N_pe:regb|s[2]       ; mcd:pr_mcd|camino_mcd:cam|RD_N_pe:regb|s[5]       ; reloj        ; reloj       ; 0.000        ; 0.378      ; 1.608      ;
; 1.093 ; mcd:pr_mcd|camino_mcd:cam|RD_N_pe:rega|s[6]       ; mcd:pr_mcd|camino_mcd:cam|RD_N_pe:regb|s[3]       ; reloj        ; reloj       ; 0.000        ; 0.378      ; 1.615      ;
; 1.094 ; mcd:pr_mcd|camino_mcd:cam|RD_N_pe:rega|s[6]       ; mcd:pr_mcd|camino_mcd:cam|RD_N_pe:regb|s[4]       ; reloj        ; reloj       ; 0.000        ; 0.378      ; 1.616      ;
; 1.094 ; mcd:pr_mcd|camino_mcd:cam|RD_N_pe:rega|s[6]       ; mcd:pr_mcd|camino_mcd:cam|RD_N_pe:regb|s[5]       ; reloj        ; reloj       ; 0.000        ; 0.378      ; 1.616      ;
; 1.097 ; mcd:pr_mcd|camino_mcd:cam|RD_N_pe:rega|s[1]       ; mcd:pr_mcd|camino_mcd:cam|RD_N_pe:rega|s[7]       ; reloj        ; reloj       ; 0.000        ; 0.381      ; 1.622      ;
; 1.102 ; mcd:pr_mcd|camino_mcd:cam|RD_N_pe:regb|s[6]       ; mcd:pr_mcd|camino_mcd:cam|RD_N_pe:rega|s[7]       ; reloj        ; reloj       ; 0.000        ; 0.082      ; 1.328      ;
; 1.112 ; mcd:pr_mcd|control:cnt|\reg_estado:v_estado.ESP   ; mcd:pr_mcd|camino_mcd:cam|RD_N_pe:regb|s[1]       ; reloj        ; reloj       ; 0.000        ; 0.067      ; 1.323      ;
; 1.112 ; mcd:pr_mcd|control:cnt|\reg_estado:v_estado.ESP   ; mcd:pr_mcd|camino_mcd:cam|RD_N_pe:rega|s[1]       ; reloj        ; reloj       ; 0.000        ; 0.067      ; 1.323      ;
; 1.112 ; mcd:pr_mcd|control:cnt|\reg_estado:v_estado.ESP   ; mcd:pr_mcd|camino_mcd:cam|RD_N_pe:regb|s[2]       ; reloj        ; reloj       ; 0.000        ; 0.067      ; 1.323      ;
; 1.112 ; mcd:pr_mcd|control:cnt|\reg_estado:v_estado.ESP   ; mcd:pr_mcd|camino_mcd:cam|RD_N_pe:rega|s[2]       ; reloj        ; reloj       ; 0.000        ; 0.067      ; 1.323      ;
; 1.112 ; mcd:pr_mcd|control:cnt|\reg_estado:v_estado.ESP   ; mcd:pr_mcd|camino_mcd:cam|RD_N_pe:rega|s[3]       ; reloj        ; reloj       ; 0.000        ; 0.067      ; 1.323      ;
; 1.112 ; mcd:pr_mcd|control:cnt|\reg_estado:v_estado.ESP   ; mcd:pr_mcd|camino_mcd:cam|RD_N_pe:rega|s[4]       ; reloj        ; reloj       ; 0.000        ; 0.067      ; 1.323      ;
; 1.112 ; mcd:pr_mcd|control:cnt|\reg_estado:v_estado.ESP   ; mcd:pr_mcd|camino_mcd:cam|RD_N_pe:rega|s[6]       ; reloj        ; reloj       ; 0.000        ; 0.067      ; 1.323      ;
; 1.112 ; mcd:pr_mcd|control:cnt|\reg_estado:v_estado.ESP   ; mcd:pr_mcd|camino_mcd:cam|RD_N_pe:rega|s[0]       ; reloj        ; reloj       ; 0.000        ; 0.067      ; 1.323      ;
; 1.112 ; mcd:pr_mcd|control:cnt|\reg_estado:v_estado.ESP   ; mcd:pr_mcd|camino_mcd:cam|RD_N_pe:regb|s[0]       ; reloj        ; reloj       ; 0.000        ; 0.067      ; 1.323      ;
; 1.121 ; mcd:pr_mcd|control:cnt|\reg_estado:v_estado.HECHO ; mcd:pr_mcd|control:cnt|\reg_estado:v_estado.CALC  ; reloj        ; reloj       ; 0.000        ; 0.080      ; 1.345      ;
; 1.121 ; mcd:pr_mcd|camino_mcd:cam|RD_N_pe:regb|s[5]       ; mcd:pr_mcd|camino_mcd:cam|RD_N_pe:rega|s[7]       ; reloj        ; reloj       ; 0.000        ; 0.082      ; 1.347      ;
; 1.131 ; mcd:pr_mcd|camino_mcd:cam|RD_N_pe:regb|s[4]       ; mcd:pr_mcd|camino_mcd:cam|RD_N_pe:rega|s[5]       ; reloj        ; reloj       ; 0.000        ; 0.082      ; 1.357      ;
; 1.133 ; mcd:pr_mcd|camino_mcd:cam|RD_N_pe:rega|s[3]       ; mcd:pr_mcd|camino_mcd:cam|RD_N_pe:regb|s[7]       ; reloj        ; reloj       ; 0.000        ; 0.381      ; 1.658      ;
; 1.135 ; mcd:pr_mcd|camino_mcd:cam|RD_N_pe:rega|s[1]       ; mcd:pr_mcd|camino_mcd:cam|RD_N_pe:regb|s[6]       ; reloj        ; reloj       ; 0.000        ; 0.378      ; 1.657      ;
; 1.135 ; mcd:pr_mcd|camino_mcd:cam|RD_N_pe:rega|s[1]       ; mcd:pr_mcd|camino_mcd:cam|RD_N_pe:regb|s[3]       ; reloj        ; reloj       ; 0.000        ; 0.378      ; 1.657      ;
; 1.136 ; mcd:pr_mcd|camino_mcd:cam|RD_N_pe:rega|s[1]       ; mcd:pr_mcd|camino_mcd:cam|RD_N_pe:regb|s[4]       ; reloj        ; reloj       ; 0.000        ; 0.378      ; 1.658      ;
; 1.136 ; mcd:pr_mcd|camino_mcd:cam|RD_N_pe:rega|s[1]       ; mcd:pr_mcd|camino_mcd:cam|RD_N_pe:regb|s[5]       ; reloj        ; reloj       ; 0.000        ; 0.378      ; 1.658      ;
; 1.137 ; mcd:pr_mcd|camino_mcd:cam|RD_N_pe:regb|s[5]       ; mcd:pr_mcd|camino_mcd:cam|RD_N_pe:regb|s[6]       ; reloj        ; reloj       ; 0.000        ; 0.079      ; 1.360      ;
; 1.137 ; mcd:pr_mcd|camino_mcd:cam|RD_N_pe:regb|s[5]       ; mcd:pr_mcd|camino_mcd:cam|RD_N_pe:regb|s[3]       ; reloj        ; reloj       ; 0.000        ; 0.079      ; 1.360      ;
; 1.138 ; mcd:pr_mcd|camino_mcd:cam|RD_N_pe:regb|s[5]       ; mcd:pr_mcd|camino_mcd:cam|RD_N_pe:regb|s[4]       ; reloj        ; reloj       ; 0.000        ; 0.079      ; 1.361      ;
; 1.138 ; mcd:pr_mcd|camino_mcd:cam|RD_N_pe:rega|s[2]       ; mcd:pr_mcd|camino_mcd:cam|RD_N_pe:regb|s[6]       ; reloj        ; reloj       ; 0.000        ; 0.378      ; 1.660      ;
; 1.138 ; mcd:pr_mcd|camino_mcd:cam|RD_N_pe:rega|s[2]       ; mcd:pr_mcd|camino_mcd:cam|RD_N_pe:regb|s[3]       ; reloj        ; reloj       ; 0.000        ; 0.378      ; 1.660      ;
+-------+---------------------------------------------------+---------------------------------------------------+--------------+-------------+--------------+------------+------------+


+------------------------------------------------------------------------------------------------------------------------------------+
; Slow 1200mV 0C Model Minimum Pulse Width: 'reloj'                                                                                  ;
+--------+--------------+----------------+------------------+-------+------------+---------------------------------------------------+
; Slack  ; Actual Width ; Required Width ; Type             ; Clock ; Clock Edge ; Target                                            ;
+--------+--------------+----------------+------------------+-------+------------+---------------------------------------------------+
; -3.000 ; 1.000        ; 4.000          ; Port Rate        ; reloj ; Rise       ; reloj                                             ;
; -1.000 ; 1.000        ; 2.000          ; Min Period       ; reloj ; Rise       ; mcd:pr_mcd|camino_mcd:cam|RD_N_pe:rega|s[0]       ;
; -1.000 ; 1.000        ; 2.000          ; Min Period       ; reloj ; Rise       ; mcd:pr_mcd|camino_mcd:cam|RD_N_pe:rega|s[1]       ;
; -1.000 ; 1.000        ; 2.000          ; Min Period       ; reloj ; Rise       ; mcd:pr_mcd|camino_mcd:cam|RD_N_pe:rega|s[2]       ;
; -1.000 ; 1.000        ; 2.000          ; Min Period       ; reloj ; Rise       ; mcd:pr_mcd|camino_mcd:cam|RD_N_pe:rega|s[3]       ;
; -1.000 ; 1.000        ; 2.000          ; Min Period       ; reloj ; Rise       ; mcd:pr_mcd|camino_mcd:cam|RD_N_pe:rega|s[4]       ;
; -1.000 ; 1.000        ; 2.000          ; Min Period       ; reloj ; Rise       ; mcd:pr_mcd|camino_mcd:cam|RD_N_pe:rega|s[5]       ;
; -1.000 ; 1.000        ; 2.000          ; Min Period       ; reloj ; Rise       ; mcd:pr_mcd|camino_mcd:cam|RD_N_pe:rega|s[6]       ;
; -1.000 ; 1.000        ; 2.000          ; Min Period       ; reloj ; Rise       ; mcd:pr_mcd|camino_mcd:cam|RD_N_pe:rega|s[7]       ;
; -1.000 ; 1.000        ; 2.000          ; Min Period       ; reloj ; Rise       ; mcd:pr_mcd|camino_mcd:cam|RD_N_pe:regb|s[0]       ;
; -1.000 ; 1.000        ; 2.000          ; Min Period       ; reloj ; Rise       ; mcd:pr_mcd|camino_mcd:cam|RD_N_pe:regb|s[1]       ;
; -1.000 ; 1.000        ; 2.000          ; Min Period       ; reloj ; Rise       ; mcd:pr_mcd|camino_mcd:cam|RD_N_pe:regb|s[2]       ;
; -1.000 ; 1.000        ; 2.000          ; Min Period       ; reloj ; Rise       ; mcd:pr_mcd|camino_mcd:cam|RD_N_pe:regb|s[3]       ;
; -1.000 ; 1.000        ; 2.000          ; Min Period       ; reloj ; Rise       ; mcd:pr_mcd|camino_mcd:cam|RD_N_pe:regb|s[4]       ;
; -1.000 ; 1.000        ; 2.000          ; Min Period       ; reloj ; Rise       ; mcd:pr_mcd|camino_mcd:cam|RD_N_pe:regb|s[5]       ;
; -1.000 ; 1.000        ; 2.000          ; Min Period       ; reloj ; Rise       ; mcd:pr_mcd|camino_mcd:cam|RD_N_pe:regb|s[6]       ;
; -1.000 ; 1.000        ; 2.000          ; Min Period       ; reloj ; Rise       ; mcd:pr_mcd|camino_mcd:cam|RD_N_pe:regb|s[7]       ;
; -1.000 ; 1.000        ; 2.000          ; Min Period       ; reloj ; Rise       ; mcd:pr_mcd|control:cnt|\reg_estado:v_estado.CALC  ;
; -1.000 ; 1.000        ; 2.000          ; Min Period       ; reloj ; Rise       ; mcd:pr_mcd|control:cnt|\reg_estado:v_estado.ESP   ;
; -1.000 ; 1.000        ; 2.000          ; Min Period       ; reloj ; Rise       ; mcd:pr_mcd|control:cnt|\reg_estado:v_estado.HECHO ;
; 0.259  ; 0.443        ; 0.184          ; Low Pulse Width  ; reloj ; Rise       ; mcd:pr_mcd|control:cnt|\reg_estado:v_estado.CALC  ;
; 0.259  ; 0.443        ; 0.184          ; Low Pulse Width  ; reloj ; Rise       ; mcd:pr_mcd|control:cnt|\reg_estado:v_estado.HECHO ;
; 0.261  ; 0.445        ; 0.184          ; Low Pulse Width  ; reloj ; Rise       ; mcd:pr_mcd|camino_mcd:cam|RD_N_pe:rega|s[0]       ;
; 0.261  ; 0.445        ; 0.184          ; Low Pulse Width  ; reloj ; Rise       ; mcd:pr_mcd|camino_mcd:cam|RD_N_pe:rega|s[1]       ;
; 0.261  ; 0.445        ; 0.184          ; Low Pulse Width  ; reloj ; Rise       ; mcd:pr_mcd|camino_mcd:cam|RD_N_pe:rega|s[2]       ;
; 0.261  ; 0.445        ; 0.184          ; Low Pulse Width  ; reloj ; Rise       ; mcd:pr_mcd|camino_mcd:cam|RD_N_pe:rega|s[3]       ;
; 0.261  ; 0.445        ; 0.184          ; Low Pulse Width  ; reloj ; Rise       ; mcd:pr_mcd|camino_mcd:cam|RD_N_pe:rega|s[4]       ;
; 0.261  ; 0.445        ; 0.184          ; Low Pulse Width  ; reloj ; Rise       ; mcd:pr_mcd|camino_mcd:cam|RD_N_pe:rega|s[6]       ;
; 0.261  ; 0.445        ; 0.184          ; Low Pulse Width  ; reloj ; Rise       ; mcd:pr_mcd|camino_mcd:cam|RD_N_pe:regb|s[0]       ;
; 0.261  ; 0.445        ; 0.184          ; Low Pulse Width  ; reloj ; Rise       ; mcd:pr_mcd|camino_mcd:cam|RD_N_pe:regb|s[1]       ;
; 0.261  ; 0.445        ; 0.184          ; Low Pulse Width  ; reloj ; Rise       ; mcd:pr_mcd|camino_mcd:cam|RD_N_pe:regb|s[2]       ;
; 0.261  ; 0.445        ; 0.184          ; Low Pulse Width  ; reloj ; Rise       ; mcd:pr_mcd|control:cnt|\reg_estado:v_estado.ESP   ;
; 0.265  ; 0.449        ; 0.184          ; Low Pulse Width  ; reloj ; Rise       ; mcd:pr_mcd|camino_mcd:cam|RD_N_pe:rega|s[5]       ;
; 0.265  ; 0.449        ; 0.184          ; Low Pulse Width  ; reloj ; Rise       ; mcd:pr_mcd|camino_mcd:cam|RD_N_pe:rega|s[7]       ;
; 0.265  ; 0.449        ; 0.184          ; Low Pulse Width  ; reloj ; Rise       ; mcd:pr_mcd|camino_mcd:cam|RD_N_pe:regb|s[7]       ;
; 0.270  ; 0.454        ; 0.184          ; Low Pulse Width  ; reloj ; Rise       ; mcd:pr_mcd|camino_mcd:cam|RD_N_pe:regb|s[3]       ;
; 0.270  ; 0.454        ; 0.184          ; Low Pulse Width  ; reloj ; Rise       ; mcd:pr_mcd|camino_mcd:cam|RD_N_pe:regb|s[4]       ;
; 0.270  ; 0.454        ; 0.184          ; Low Pulse Width  ; reloj ; Rise       ; mcd:pr_mcd|camino_mcd:cam|RD_N_pe:regb|s[5]       ;
; 0.270  ; 0.454        ; 0.184          ; Low Pulse Width  ; reloj ; Rise       ; mcd:pr_mcd|camino_mcd:cam|RD_N_pe:regb|s[6]       ;
; 0.328  ; 0.544        ; 0.216          ; High Pulse Width ; reloj ; Rise       ; mcd:pr_mcd|camino_mcd:cam|RD_N_pe:regb|s[3]       ;
; 0.328  ; 0.544        ; 0.216          ; High Pulse Width ; reloj ; Rise       ; mcd:pr_mcd|camino_mcd:cam|RD_N_pe:regb|s[4]       ;
; 0.328  ; 0.544        ; 0.216          ; High Pulse Width ; reloj ; Rise       ; mcd:pr_mcd|camino_mcd:cam|RD_N_pe:regb|s[5]       ;
; 0.328  ; 0.544        ; 0.216          ; High Pulse Width ; reloj ; Rise       ; mcd:pr_mcd|camino_mcd:cam|RD_N_pe:regb|s[6]       ;
; 0.333  ; 0.549        ; 0.216          ; High Pulse Width ; reloj ; Rise       ; mcd:pr_mcd|camino_mcd:cam|RD_N_pe:rega|s[5]       ;
; 0.333  ; 0.549        ; 0.216          ; High Pulse Width ; reloj ; Rise       ; mcd:pr_mcd|camino_mcd:cam|RD_N_pe:rega|s[7]       ;
; 0.333  ; 0.549        ; 0.216          ; High Pulse Width ; reloj ; Rise       ; mcd:pr_mcd|camino_mcd:cam|RD_N_pe:regb|s[7]       ;
; 0.336  ; 0.552        ; 0.216          ; High Pulse Width ; reloj ; Rise       ; mcd:pr_mcd|camino_mcd:cam|RD_N_pe:rega|s[0]       ;
; 0.336  ; 0.552        ; 0.216          ; High Pulse Width ; reloj ; Rise       ; mcd:pr_mcd|camino_mcd:cam|RD_N_pe:rega|s[1]       ;
; 0.336  ; 0.552        ; 0.216          ; High Pulse Width ; reloj ; Rise       ; mcd:pr_mcd|camino_mcd:cam|RD_N_pe:rega|s[2]       ;
; 0.336  ; 0.552        ; 0.216          ; High Pulse Width ; reloj ; Rise       ; mcd:pr_mcd|camino_mcd:cam|RD_N_pe:rega|s[3]       ;
; 0.336  ; 0.552        ; 0.216          ; High Pulse Width ; reloj ; Rise       ; mcd:pr_mcd|camino_mcd:cam|RD_N_pe:rega|s[4]       ;
; 0.336  ; 0.552        ; 0.216          ; High Pulse Width ; reloj ; Rise       ; mcd:pr_mcd|camino_mcd:cam|RD_N_pe:rega|s[6]       ;
; 0.336  ; 0.552        ; 0.216          ; High Pulse Width ; reloj ; Rise       ; mcd:pr_mcd|camino_mcd:cam|RD_N_pe:regb|s[0]       ;
; 0.336  ; 0.552        ; 0.216          ; High Pulse Width ; reloj ; Rise       ; mcd:pr_mcd|camino_mcd:cam|RD_N_pe:regb|s[1]       ;
; 0.336  ; 0.552        ; 0.216          ; High Pulse Width ; reloj ; Rise       ; mcd:pr_mcd|camino_mcd:cam|RD_N_pe:regb|s[2]       ;
; 0.337  ; 0.553        ; 0.216          ; High Pulse Width ; reloj ; Rise       ; mcd:pr_mcd|control:cnt|\reg_estado:v_estado.ESP   ;
; 0.339  ; 0.555        ; 0.216          ; High Pulse Width ; reloj ; Rise       ; mcd:pr_mcd|control:cnt|\reg_estado:v_estado.CALC  ;
; 0.339  ; 0.555        ; 0.216          ; High Pulse Width ; reloj ; Rise       ; mcd:pr_mcd|control:cnt|\reg_estado:v_estado.HECHO ;
; 0.356  ; 0.356        ; 0.000          ; Low Pulse Width  ; reloj ; Rise       ; reloj~input|o                                     ;
; 0.364  ; 0.364        ; 0.000          ; Low Pulse Width  ; reloj ; Rise       ; reloj~inputclkctrl|inclk[0]                       ;
; 0.364  ; 0.364        ; 0.000          ; Low Pulse Width  ; reloj ; Rise       ; reloj~inputclkctrl|outclk                         ;
; 0.419  ; 0.419        ; 0.000          ; Low Pulse Width  ; reloj ; Rise       ; pr_mcd|cnt|\reg_estado:v_estado.CALC|clk          ;
; 0.419  ; 0.419        ; 0.000          ; Low Pulse Width  ; reloj ; Rise       ; pr_mcd|cnt|\reg_estado:v_estado.HECHO|clk         ;
; 0.421  ; 0.421        ; 0.000          ; Low Pulse Width  ; reloj ; Rise       ; pr_mcd|cam|rega|s[0]|clk                          ;
; 0.421  ; 0.421        ; 0.000          ; Low Pulse Width  ; reloj ; Rise       ; pr_mcd|cam|rega|s[1]|clk                          ;
; 0.421  ; 0.421        ; 0.000          ; Low Pulse Width  ; reloj ; Rise       ; pr_mcd|cam|rega|s[2]|clk                          ;
; 0.421  ; 0.421        ; 0.000          ; Low Pulse Width  ; reloj ; Rise       ; pr_mcd|cam|rega|s[3]|clk                          ;
; 0.421  ; 0.421        ; 0.000          ; Low Pulse Width  ; reloj ; Rise       ; pr_mcd|cam|rega|s[4]|clk                          ;
; 0.421  ; 0.421        ; 0.000          ; Low Pulse Width  ; reloj ; Rise       ; pr_mcd|cam|rega|s[6]|clk                          ;
; 0.421  ; 0.421        ; 0.000          ; Low Pulse Width  ; reloj ; Rise       ; pr_mcd|cam|regb|s[0]|clk                          ;
; 0.421  ; 0.421        ; 0.000          ; Low Pulse Width  ; reloj ; Rise       ; pr_mcd|cam|regb|s[1]|clk                          ;
; 0.421  ; 0.421        ; 0.000          ; Low Pulse Width  ; reloj ; Rise       ; pr_mcd|cam|regb|s[2]|clk                          ;
; 0.421  ; 0.421        ; 0.000          ; Low Pulse Width  ; reloj ; Rise       ; pr_mcd|cnt|\reg_estado:v_estado.ESP|clk           ;
; 0.425  ; 0.425        ; 0.000          ; Low Pulse Width  ; reloj ; Rise       ; pr_mcd|cam|rega|s[5]|clk                          ;
; 0.425  ; 0.425        ; 0.000          ; Low Pulse Width  ; reloj ; Rise       ; pr_mcd|cam|rega|s[7]|clk                          ;
; 0.425  ; 0.425        ; 0.000          ; Low Pulse Width  ; reloj ; Rise       ; pr_mcd|cam|regb|s[7]|clk                          ;
; 0.430  ; 0.430        ; 0.000          ; Low Pulse Width  ; reloj ; Rise       ; pr_mcd|cam|regb|s[3]|clk                          ;
; 0.430  ; 0.430        ; 0.000          ; Low Pulse Width  ; reloj ; Rise       ; pr_mcd|cam|regb|s[4]|clk                          ;
; 0.430  ; 0.430        ; 0.000          ; Low Pulse Width  ; reloj ; Rise       ; pr_mcd|cam|regb|s[5]|clk                          ;
; 0.430  ; 0.430        ; 0.000          ; Low Pulse Width  ; reloj ; Rise       ; pr_mcd|cam|regb|s[6]|clk                          ;
; 0.500  ; 0.500        ; 0.000          ; High Pulse Width ; reloj ; Rise       ; reloj~input|i                                     ;
; 0.500  ; 0.500        ; 0.000          ; Low Pulse Width  ; reloj ; Rise       ; reloj~input|i                                     ;
; 0.568  ; 0.568        ; 0.000          ; High Pulse Width ; reloj ; Rise       ; pr_mcd|cam|regb|s[3]|clk                          ;
; 0.568  ; 0.568        ; 0.000          ; High Pulse Width ; reloj ; Rise       ; pr_mcd|cam|regb|s[4]|clk                          ;
; 0.568  ; 0.568        ; 0.000          ; High Pulse Width ; reloj ; Rise       ; pr_mcd|cam|regb|s[5]|clk                          ;
; 0.568  ; 0.568        ; 0.000          ; High Pulse Width ; reloj ; Rise       ; pr_mcd|cam|regb|s[6]|clk                          ;
; 0.573  ; 0.573        ; 0.000          ; High Pulse Width ; reloj ; Rise       ; pr_mcd|cam|rega|s[5]|clk                          ;
; 0.573  ; 0.573        ; 0.000          ; High Pulse Width ; reloj ; Rise       ; pr_mcd|cam|rega|s[7]|clk                          ;
; 0.573  ; 0.573        ; 0.000          ; High Pulse Width ; reloj ; Rise       ; pr_mcd|cam|regb|s[7]|clk                          ;
; 0.576  ; 0.576        ; 0.000          ; High Pulse Width ; reloj ; Rise       ; pr_mcd|cam|rega|s[0]|clk                          ;
; 0.576  ; 0.576        ; 0.000          ; High Pulse Width ; reloj ; Rise       ; pr_mcd|cam|rega|s[1]|clk                          ;
; 0.576  ; 0.576        ; 0.000          ; High Pulse Width ; reloj ; Rise       ; pr_mcd|cam|rega|s[2]|clk                          ;
; 0.576  ; 0.576        ; 0.000          ; High Pulse Width ; reloj ; Rise       ; pr_mcd|cam|rega|s[3]|clk                          ;
; 0.576  ; 0.576        ; 0.000          ; High Pulse Width ; reloj ; Rise       ; pr_mcd|cam|rega|s[4]|clk                          ;
; 0.576  ; 0.576        ; 0.000          ; High Pulse Width ; reloj ; Rise       ; pr_mcd|cam|rega|s[6]|clk                          ;
; 0.576  ; 0.576        ; 0.000          ; High Pulse Width ; reloj ; Rise       ; pr_mcd|cam|regb|s[0]|clk                          ;
; 0.576  ; 0.576        ; 0.000          ; High Pulse Width ; reloj ; Rise       ; pr_mcd|cam|regb|s[1]|clk                          ;
; 0.576  ; 0.576        ; 0.000          ; High Pulse Width ; reloj ; Rise       ; pr_mcd|cam|regb|s[2]|clk                          ;
; 0.577  ; 0.577        ; 0.000          ; High Pulse Width ; reloj ; Rise       ; pr_mcd|cnt|\reg_estado:v_estado.ESP|clk           ;
; 0.579  ; 0.579        ; 0.000          ; High Pulse Width ; reloj ; Rise       ; pr_mcd|cnt|\reg_estado:v_estado.CALC|clk          ;
+--------+--------------+----------------+------------------+-------+------------+---------------------------------------------------+


+------------------------------------------------------------------------------+
; Setup Times                                                                  ;
+------------------+------------+-------+-------+------------+-----------------+
; Data Port        ; Clock Port ; Rise  ; Fall  ; Clock Edge ; Clock Reference ;
+------------------+------------+-------+-------+------------+-----------------+
; pcero            ; reloj      ; 1.915 ; 1.962 ; Rise       ; reloj           ;
; pet_dv.dat_a[*]  ; reloj      ; 1.662 ; 2.045 ; Rise       ; reloj           ;
;  pet_dv.dat_a[0] ; reloj      ; 1.276 ; 1.592 ; Rise       ; reloj           ;
;  pet_dv.dat_a[1] ; reloj      ; 1.058 ; 1.380 ; Rise       ; reloj           ;
;  pet_dv.dat_a[2] ; reloj      ; 1.027 ; 1.341 ; Rise       ; reloj           ;
;  pet_dv.dat_a[3] ; reloj      ; 1.261 ; 1.589 ; Rise       ; reloj           ;
;  pet_dv.dat_a[4] ; reloj      ; 1.340 ; 1.661 ; Rise       ; reloj           ;
;  pet_dv.dat_a[5] ; reloj      ; 1.022 ; 1.338 ; Rise       ; reloj           ;
;  pet_dv.dat_a[6] ; reloj      ; 1.027 ; 1.354 ; Rise       ; reloj           ;
;  pet_dv.dat_a[7] ; reloj      ; 1.662 ; 2.045 ; Rise       ; reloj           ;
; pet_dv.dat_b[*]  ; reloj      ; 1.897 ; 2.245 ; Rise       ; reloj           ;
;  pet_dv.dat_b[0] ; reloj      ; 1.220 ; 1.524 ; Rise       ; reloj           ;
;  pet_dv.dat_b[1] ; reloj      ; 1.897 ; 2.245 ; Rise       ; reloj           ;
;  pet_dv.dat_b[2] ; reloj      ; 1.016 ; 1.352 ; Rise       ; reloj           ;
;  pet_dv.dat_b[3] ; reloj      ; 1.394 ; 1.752 ; Rise       ; reloj           ;
;  pet_dv.dat_b[4] ; reloj      ; 0.732 ; 1.056 ; Rise       ; reloj           ;
;  pet_dv.dat_b[5] ; reloj      ; 1.040 ; 1.353 ; Rise       ; reloj           ;
;  pet_dv.dat_b[6] ; reloj      ; 0.985 ; 1.308 ; Rise       ; reloj           ;
;  pet_dv.dat_b[7] ; reloj      ; 0.728 ; 1.055 ; Rise       ; reloj           ;
; pet_dv.val       ; reloj      ; 2.760 ; 3.098 ; Rise       ; reloj           ;
; resp_l.listo     ; reloj      ; 1.883 ; 2.233 ; Rise       ; reloj           ;
+------------------+------------+-------+-------+------------+-----------------+


+--------------------------------------------------------------------------------+
; Hold Times                                                                     ;
+------------------+------------+--------+--------+------------+-----------------+
; Data Port        ; Clock Port ; Rise   ; Fall   ; Clock Edge ; Clock Reference ;
+------------------+------------+--------+--------+------------+-----------------+
; pcero            ; reloj      ; -0.006 ; -0.043 ; Rise       ; reloj           ;
; pet_dv.dat_a[*]  ; reloj      ; -0.625 ; -0.938 ; Rise       ; reloj           ;
;  pet_dv.dat_a[0] ; reloj      ; -0.892 ; -1.205 ; Rise       ; reloj           ;
;  pet_dv.dat_a[1] ; reloj      ; -0.683 ; -1.002 ; Rise       ; reloj           ;
;  pet_dv.dat_a[2] ; reloj      ; -0.653 ; -0.965 ; Rise       ; reloj           ;
;  pet_dv.dat_a[3] ; reloj      ; -0.878 ; -1.203 ; Rise       ; reloj           ;
;  pet_dv.dat_a[4] ; reloj      ; -0.955 ; -1.273 ; Rise       ; reloj           ;
;  pet_dv.dat_a[5] ; reloj      ; -0.625 ; -0.938 ; Rise       ; reloj           ;
;  pet_dv.dat_a[6] ; reloj      ; -0.654 ; -0.978 ; Rise       ; reloj           ;
;  pet_dv.dat_a[7] ; reloj      ; -1.238 ; -1.615 ; Rise       ; reloj           ;
; pet_dv.dat_b[*]  ; reloj      ; -0.342 ; -0.666 ; Rise       ; reloj           ;
;  pet_dv.dat_b[0] ; reloj      ; -0.838 ; -1.141 ; Rise       ; reloj           ;
;  pet_dv.dat_b[1] ; reloj      ; -1.489 ; -1.832 ; Rise       ; reloj           ;
;  pet_dv.dat_b[2] ; reloj      ; -0.642 ; -0.975 ; Rise       ; reloj           ;
;  pet_dv.dat_b[3] ; reloj      ; -0.982 ; -1.335 ; Rise       ; reloj           ;
;  pet_dv.dat_b[4] ; reloj      ; -0.347 ; -0.668 ; Rise       ; reloj           ;
;  pet_dv.dat_b[5] ; reloj      ; -0.643 ; -0.953 ; Rise       ; reloj           ;
;  pet_dv.dat_b[6] ; reloj      ; -0.589 ; -0.908 ; Rise       ; reloj           ;
;  pet_dv.dat_b[7] ; reloj      ; -0.342 ; -0.666 ; Rise       ; reloj           ;
; pet_dv.val       ; reloj      ; -0.892 ; -1.216 ; Rise       ; reloj           ;
; resp_l.listo     ; reloj      ; -1.010 ; -1.338 ; Rise       ; reloj           ;
+------------------+------------+--------+--------+------------+-----------------+


+-----------------------------------------------------------------------------+
; Clock to Output Times                                                       ;
+-----------------+------------+-------+-------+------------+-----------------+
; Data Port       ; Clock Port ; Rise  ; Fall  ; Clock Edge ; Clock Reference ;
+-----------------+------------+-------+-------+------------+-----------------+
; pet_l.listo     ; reloj      ; 6.585 ; 6.460 ; Rise       ; reloj           ;
; resp_dv.dat[*]  ; reloj      ; 8.688 ; 8.624 ; Rise       ; reloj           ;
;  resp_dv.dat[0] ; reloj      ; 8.327 ; 8.262 ; Rise       ; reloj           ;
;  resp_dv.dat[1] ; reloj      ; 8.443 ; 8.372 ; Rise       ; reloj           ;
;  resp_dv.dat[2] ; reloj      ; 8.110 ; 8.025 ; Rise       ; reloj           ;
;  resp_dv.dat[3] ; reloj      ; 8.688 ; 8.624 ; Rise       ; reloj           ;
;  resp_dv.dat[4] ; reloj      ; 8.331 ; 8.260 ; Rise       ; reloj           ;
;  resp_dv.dat[5] ; reloj      ; 7.842 ; 7.770 ; Rise       ; reloj           ;
;  resp_dv.dat[6] ; reloj      ; 8.415 ; 8.349 ; Rise       ; reloj           ;
;  resp_dv.dat[7] ; reloj      ; 7.841 ; 7.775 ; Rise       ; reloj           ;
; resp_dv.val     ; reloj      ; 8.628 ; 8.694 ; Rise       ; reloj           ;
+-----------------+------------+-------+-------+------------+-----------------+


+-----------------------------------------------------------------------------+
; Minimum Clock to Output Times                                               ;
+-----------------+------------+-------+-------+------------+-----------------+
; Data Port       ; Clock Port ; Rise  ; Fall  ; Clock Edge ; Clock Reference ;
+-----------------+------------+-------+-------+------------+-----------------+
; pet_l.listo     ; reloj      ; 6.369 ; 6.247 ; Rise       ; reloj           ;
; resp_dv.dat[*]  ; reloj      ; 6.485 ; 6.473 ; Rise       ; reloj           ;
;  resp_dv.dat[0] ; reloj      ; 7.023 ; 6.962 ; Rise       ; reloj           ;
;  resp_dv.dat[1] ; reloj      ; 6.576 ; 6.551 ; Rise       ; reloj           ;
;  resp_dv.dat[2] ; reloj      ; 6.510 ; 6.475 ; Rise       ; reloj           ;
;  resp_dv.dat[3] ; reloj      ; 6.962 ; 6.926 ; Rise       ; reloj           ;
;  resp_dv.dat[4] ; reloj      ; 6.956 ; 6.944 ; Rise       ; reloj           ;
;  resp_dv.dat[5] ; reloj      ; 6.485 ; 6.473 ; Rise       ; reloj           ;
;  resp_dv.dat[6] ; reloj      ; 6.631 ; 6.601 ; Rise       ; reloj           ;
;  resp_dv.dat[7] ; reloj      ; 6.628 ; 6.600 ; Rise       ; reloj           ;
; resp_dv.val     ; reloj      ; 8.315 ; 8.365 ; Rise       ; reloj           ;
+-----------------+------------+-------+-------+------------+-----------------+


+----------------------------------------------------------+
; Propagation Delay                                        ;
+------------+-------------+-------+-------+-------+-------+
; Input Port ; Output Port ; RR    ; RF    ; FR    ; FF    ;
+------------+-------------+-------+-------+-------+-------+
; pcero      ; pet_l.listo ; 6.458 ;       ;       ; 6.443 ;
; pcero      ; resp_dv.val ;       ; 7.970 ; 8.012 ;       ;
+------------+-------------+-------+-------+-------+-------+


+----------------------------------------------------------+
; Minimum Propagation Delay                                ;
+------------+-------------+-------+-------+-------+-------+
; Input Port ; Output Port ; RR    ; RF    ; FR    ; FF    ;
+------------+-------------+-------+-------+-------+-------+
; pcero      ; pet_l.listo ; 6.255 ;       ;       ; 6.243 ;
; pcero      ; resp_dv.val ;       ; 7.746 ; 7.792 ;       ;
+------------+-------------+-------+-------+-------+-------+


---------------------------------------------
; Slow 1200mV 0C Model Metastability Report ;
---------------------------------------------
No synchronizer chains to report.


+------------------------------------+
; Fast 1200mV 0C Model Setup Summary ;
+-------+--------+-------------------+
; Clock ; Slack  ; End Point TNS     ;
+-------+--------+-------------------+
; reloj ; -1.428 ; -24.329           ;
+-------+--------+-------------------+


+-----------------------------------+
; Fast 1200mV 0C Model Hold Summary ;
+-------+-------+-------------------+
; Clock ; Slack ; End Point TNS     ;
+-------+-------+-------------------+
; reloj ; 0.170 ; 0.000             ;
+-------+-------+-------------------+


-----------------------------------------
; Fast 1200mV 0C Model Recovery Summary ;
-----------------------------------------
No paths to report.


----------------------------------------
; Fast 1200mV 0C Model Removal Summary ;
----------------------------------------
No paths to report.


+--------------------------------------------------+
; Fast 1200mV 0C Model Minimum Pulse Width Summary ;
+-------+--------+---------------------------------+
; Clock ; Slack  ; End Point TNS                   ;
+-------+--------+---------------------------------+
; reloj ; -3.000 ; -22.433                         ;
+-------+--------+---------------------------------+


+--------------------------------------------------------------------------------------------------------------------------------------------------------------------------+
; Fast 1200mV 0C Model Setup: 'reloj'                                                                                                                                      ;
+--------+---------------------------------------------+---------------------------------------------+--------------+-------------+--------------+------------+------------+
; Slack  ; From Node                                   ; To Node                                     ; Launch Clock ; Latch Clock ; Relationship ; Clock Skew ; Data Delay ;
+--------+---------------------------------------------+---------------------------------------------+--------------+-------------+--------------+------------+------------+
; -1.428 ; mcd:pr_mcd|camino_mcd:cam|RD_N_pe:regb|s[0] ; mcd:pr_mcd|camino_mcd:cam|RD_N_pe:regb|s[1] ; reloj        ; reloj       ; 1.000        ; -0.044     ; 2.371      ;
; -1.428 ; mcd:pr_mcd|camino_mcd:cam|RD_N_pe:regb|s[0] ; mcd:pr_mcd|camino_mcd:cam|RD_N_pe:rega|s[1] ; reloj        ; reloj       ; 1.000        ; -0.044     ; 2.371      ;
; -1.428 ; mcd:pr_mcd|camino_mcd:cam|RD_N_pe:regb|s[0] ; mcd:pr_mcd|camino_mcd:cam|RD_N_pe:regb|s[2] ; reloj        ; reloj       ; 1.000        ; -0.044     ; 2.371      ;
; -1.428 ; mcd:pr_mcd|camino_mcd:cam|RD_N_pe:regb|s[0] ; mcd:pr_mcd|camino_mcd:cam|RD_N_pe:rega|s[2] ; reloj        ; reloj       ; 1.000        ; -0.044     ; 2.371      ;
; -1.428 ; mcd:pr_mcd|camino_mcd:cam|RD_N_pe:regb|s[0] ; mcd:pr_mcd|camino_mcd:cam|RD_N_pe:rega|s[3] ; reloj        ; reloj       ; 1.000        ; -0.044     ; 2.371      ;
; -1.428 ; mcd:pr_mcd|camino_mcd:cam|RD_N_pe:regb|s[0] ; mcd:pr_mcd|camino_mcd:cam|RD_N_pe:rega|s[4] ; reloj        ; reloj       ; 1.000        ; -0.044     ; 2.371      ;
; -1.428 ; mcd:pr_mcd|camino_mcd:cam|RD_N_pe:regb|s[0] ; mcd:pr_mcd|camino_mcd:cam|RD_N_pe:rega|s[6] ; reloj        ; reloj       ; 1.000        ; -0.044     ; 2.371      ;
; -1.428 ; mcd:pr_mcd|camino_mcd:cam|RD_N_pe:regb|s[0] ; mcd:pr_mcd|camino_mcd:cam|RD_N_pe:rega|s[0] ; reloj        ; reloj       ; 1.000        ; -0.044     ; 2.371      ;
; -1.428 ; mcd:pr_mcd|camino_mcd:cam|RD_N_pe:regb|s[0] ; mcd:pr_mcd|camino_mcd:cam|RD_N_pe:regb|s[0] ; reloj        ; reloj       ; 1.000        ; -0.044     ; 2.371      ;
; -1.416 ; mcd:pr_mcd|camino_mcd:cam|RD_N_pe:regb|s[3] ; mcd:pr_mcd|camino_mcd:cam|RD_N_pe:regb|s[1] ; reloj        ; reloj       ; 1.000        ; -0.231     ; 2.172      ;
; -1.416 ; mcd:pr_mcd|camino_mcd:cam|RD_N_pe:regb|s[3] ; mcd:pr_mcd|camino_mcd:cam|RD_N_pe:rega|s[1] ; reloj        ; reloj       ; 1.000        ; -0.231     ; 2.172      ;
; -1.416 ; mcd:pr_mcd|camino_mcd:cam|RD_N_pe:regb|s[3] ; mcd:pr_mcd|camino_mcd:cam|RD_N_pe:regb|s[2] ; reloj        ; reloj       ; 1.000        ; -0.231     ; 2.172      ;
; -1.416 ; mcd:pr_mcd|camino_mcd:cam|RD_N_pe:regb|s[3] ; mcd:pr_mcd|camino_mcd:cam|RD_N_pe:rega|s[2] ; reloj        ; reloj       ; 1.000        ; -0.231     ; 2.172      ;
; -1.416 ; mcd:pr_mcd|camino_mcd:cam|RD_N_pe:regb|s[3] ; mcd:pr_mcd|camino_mcd:cam|RD_N_pe:rega|s[3] ; reloj        ; reloj       ; 1.000        ; -0.231     ; 2.172      ;
; -1.416 ; mcd:pr_mcd|camino_mcd:cam|RD_N_pe:regb|s[3] ; mcd:pr_mcd|camino_mcd:cam|RD_N_pe:rega|s[4] ; reloj        ; reloj       ; 1.000        ; -0.231     ; 2.172      ;
; -1.416 ; mcd:pr_mcd|camino_mcd:cam|RD_N_pe:regb|s[3] ; mcd:pr_mcd|camino_mcd:cam|RD_N_pe:rega|s[6] ; reloj        ; reloj       ; 1.000        ; -0.231     ; 2.172      ;
; -1.416 ; mcd:pr_mcd|camino_mcd:cam|RD_N_pe:regb|s[3] ; mcd:pr_mcd|camino_mcd:cam|RD_N_pe:rega|s[0] ; reloj        ; reloj       ; 1.000        ; -0.231     ; 2.172      ;
; -1.416 ; mcd:pr_mcd|camino_mcd:cam|RD_N_pe:regb|s[3] ; mcd:pr_mcd|camino_mcd:cam|RD_N_pe:regb|s[0] ; reloj        ; reloj       ; 1.000        ; -0.231     ; 2.172      ;
; -1.406 ; mcd:pr_mcd|camino_mcd:cam|RD_N_pe:rega|s[0] ; mcd:pr_mcd|camino_mcd:cam|RD_N_pe:regb|s[1] ; reloj        ; reloj       ; 1.000        ; -0.044     ; 2.349      ;
; -1.406 ; mcd:pr_mcd|camino_mcd:cam|RD_N_pe:rega|s[0] ; mcd:pr_mcd|camino_mcd:cam|RD_N_pe:rega|s[1] ; reloj        ; reloj       ; 1.000        ; -0.044     ; 2.349      ;
; -1.406 ; mcd:pr_mcd|camino_mcd:cam|RD_N_pe:rega|s[0] ; mcd:pr_mcd|camino_mcd:cam|RD_N_pe:regb|s[2] ; reloj        ; reloj       ; 1.000        ; -0.044     ; 2.349      ;
; -1.406 ; mcd:pr_mcd|camino_mcd:cam|RD_N_pe:rega|s[0] ; mcd:pr_mcd|camino_mcd:cam|RD_N_pe:rega|s[2] ; reloj        ; reloj       ; 1.000        ; -0.044     ; 2.349      ;
; -1.406 ; mcd:pr_mcd|camino_mcd:cam|RD_N_pe:rega|s[0] ; mcd:pr_mcd|camino_mcd:cam|RD_N_pe:rega|s[3] ; reloj        ; reloj       ; 1.000        ; -0.044     ; 2.349      ;
; -1.406 ; mcd:pr_mcd|camino_mcd:cam|RD_N_pe:rega|s[0] ; mcd:pr_mcd|camino_mcd:cam|RD_N_pe:rega|s[4] ; reloj        ; reloj       ; 1.000        ; -0.044     ; 2.349      ;
; -1.406 ; mcd:pr_mcd|camino_mcd:cam|RD_N_pe:rega|s[0] ; mcd:pr_mcd|camino_mcd:cam|RD_N_pe:rega|s[6] ; reloj        ; reloj       ; 1.000        ; -0.044     ; 2.349      ;
; -1.406 ; mcd:pr_mcd|camino_mcd:cam|RD_N_pe:rega|s[0] ; mcd:pr_mcd|camino_mcd:cam|RD_N_pe:rega|s[0] ; reloj        ; reloj       ; 1.000        ; -0.044     ; 2.349      ;
; -1.406 ; mcd:pr_mcd|camino_mcd:cam|RD_N_pe:rega|s[0] ; mcd:pr_mcd|camino_mcd:cam|RD_N_pe:regb|s[0] ; reloj        ; reloj       ; 1.000        ; -0.044     ; 2.349      ;
; -1.368 ; mcd:pr_mcd|camino_mcd:cam|RD_N_pe:rega|s[5] ; mcd:pr_mcd|camino_mcd:cam|RD_N_pe:regb|s[1] ; reloj        ; reloj       ; 1.000        ; -0.233     ; 2.122      ;
; -1.368 ; mcd:pr_mcd|camino_mcd:cam|RD_N_pe:rega|s[5] ; mcd:pr_mcd|camino_mcd:cam|RD_N_pe:rega|s[1] ; reloj        ; reloj       ; 1.000        ; -0.233     ; 2.122      ;
; -1.368 ; mcd:pr_mcd|camino_mcd:cam|RD_N_pe:rega|s[5] ; mcd:pr_mcd|camino_mcd:cam|RD_N_pe:regb|s[2] ; reloj        ; reloj       ; 1.000        ; -0.233     ; 2.122      ;
; -1.368 ; mcd:pr_mcd|camino_mcd:cam|RD_N_pe:rega|s[5] ; mcd:pr_mcd|camino_mcd:cam|RD_N_pe:rega|s[2] ; reloj        ; reloj       ; 1.000        ; -0.233     ; 2.122      ;
; -1.368 ; mcd:pr_mcd|camino_mcd:cam|RD_N_pe:rega|s[5] ; mcd:pr_mcd|camino_mcd:cam|RD_N_pe:rega|s[3] ; reloj        ; reloj       ; 1.000        ; -0.233     ; 2.122      ;
; -1.368 ; mcd:pr_mcd|camino_mcd:cam|RD_N_pe:rega|s[5] ; mcd:pr_mcd|camino_mcd:cam|RD_N_pe:rega|s[4] ; reloj        ; reloj       ; 1.000        ; -0.233     ; 2.122      ;
; -1.368 ; mcd:pr_mcd|camino_mcd:cam|RD_N_pe:rega|s[5] ; mcd:pr_mcd|camino_mcd:cam|RD_N_pe:rega|s[6] ; reloj        ; reloj       ; 1.000        ; -0.233     ; 2.122      ;
; -1.368 ; mcd:pr_mcd|camino_mcd:cam|RD_N_pe:rega|s[5] ; mcd:pr_mcd|camino_mcd:cam|RD_N_pe:rega|s[0] ; reloj        ; reloj       ; 1.000        ; -0.233     ; 2.122      ;
; -1.368 ; mcd:pr_mcd|camino_mcd:cam|RD_N_pe:rega|s[5] ; mcd:pr_mcd|camino_mcd:cam|RD_N_pe:regb|s[0] ; reloj        ; reloj       ; 1.000        ; -0.233     ; 2.122      ;
; -1.362 ; mcd:pr_mcd|camino_mcd:cam|RD_N_pe:rega|s[2] ; mcd:pr_mcd|camino_mcd:cam|RD_N_pe:regb|s[1] ; reloj        ; reloj       ; 1.000        ; -0.044     ; 2.305      ;
; -1.362 ; mcd:pr_mcd|camino_mcd:cam|RD_N_pe:rega|s[2] ; mcd:pr_mcd|camino_mcd:cam|RD_N_pe:rega|s[1] ; reloj        ; reloj       ; 1.000        ; -0.044     ; 2.305      ;
; -1.362 ; mcd:pr_mcd|camino_mcd:cam|RD_N_pe:rega|s[2] ; mcd:pr_mcd|camino_mcd:cam|RD_N_pe:regb|s[2] ; reloj        ; reloj       ; 1.000        ; -0.044     ; 2.305      ;
; -1.362 ; mcd:pr_mcd|camino_mcd:cam|RD_N_pe:rega|s[2] ; mcd:pr_mcd|camino_mcd:cam|RD_N_pe:rega|s[2] ; reloj        ; reloj       ; 1.000        ; -0.044     ; 2.305      ;
; -1.362 ; mcd:pr_mcd|camino_mcd:cam|RD_N_pe:rega|s[2] ; mcd:pr_mcd|camino_mcd:cam|RD_N_pe:rega|s[3] ; reloj        ; reloj       ; 1.000        ; -0.044     ; 2.305      ;
; -1.362 ; mcd:pr_mcd|camino_mcd:cam|RD_N_pe:rega|s[2] ; mcd:pr_mcd|camino_mcd:cam|RD_N_pe:rega|s[4] ; reloj        ; reloj       ; 1.000        ; -0.044     ; 2.305      ;
; -1.362 ; mcd:pr_mcd|camino_mcd:cam|RD_N_pe:rega|s[2] ; mcd:pr_mcd|camino_mcd:cam|RD_N_pe:rega|s[6] ; reloj        ; reloj       ; 1.000        ; -0.044     ; 2.305      ;
; -1.362 ; mcd:pr_mcd|camino_mcd:cam|RD_N_pe:rega|s[2] ; mcd:pr_mcd|camino_mcd:cam|RD_N_pe:rega|s[0] ; reloj        ; reloj       ; 1.000        ; -0.044     ; 2.305      ;
; -1.362 ; mcd:pr_mcd|camino_mcd:cam|RD_N_pe:rega|s[2] ; mcd:pr_mcd|camino_mcd:cam|RD_N_pe:regb|s[0] ; reloj        ; reloj       ; 1.000        ; -0.044     ; 2.305      ;
; -1.361 ; mcd:pr_mcd|camino_mcd:cam|RD_N_pe:rega|s[4] ; mcd:pr_mcd|camino_mcd:cam|RD_N_pe:regb|s[1] ; reloj        ; reloj       ; 1.000        ; -0.044     ; 2.304      ;
; -1.361 ; mcd:pr_mcd|camino_mcd:cam|RD_N_pe:rega|s[4] ; mcd:pr_mcd|camino_mcd:cam|RD_N_pe:rega|s[1] ; reloj        ; reloj       ; 1.000        ; -0.044     ; 2.304      ;
; -1.361 ; mcd:pr_mcd|camino_mcd:cam|RD_N_pe:rega|s[4] ; mcd:pr_mcd|camino_mcd:cam|RD_N_pe:regb|s[2] ; reloj        ; reloj       ; 1.000        ; -0.044     ; 2.304      ;
; -1.361 ; mcd:pr_mcd|camino_mcd:cam|RD_N_pe:rega|s[4] ; mcd:pr_mcd|camino_mcd:cam|RD_N_pe:rega|s[2] ; reloj        ; reloj       ; 1.000        ; -0.044     ; 2.304      ;
; -1.361 ; mcd:pr_mcd|camino_mcd:cam|RD_N_pe:rega|s[4] ; mcd:pr_mcd|camino_mcd:cam|RD_N_pe:rega|s[3] ; reloj        ; reloj       ; 1.000        ; -0.044     ; 2.304      ;
; -1.361 ; mcd:pr_mcd|camino_mcd:cam|RD_N_pe:rega|s[4] ; mcd:pr_mcd|camino_mcd:cam|RD_N_pe:rega|s[4] ; reloj        ; reloj       ; 1.000        ; -0.044     ; 2.304      ;
; -1.361 ; mcd:pr_mcd|camino_mcd:cam|RD_N_pe:rega|s[4] ; mcd:pr_mcd|camino_mcd:cam|RD_N_pe:rega|s[6] ; reloj        ; reloj       ; 1.000        ; -0.044     ; 2.304      ;
; -1.361 ; mcd:pr_mcd|camino_mcd:cam|RD_N_pe:rega|s[4] ; mcd:pr_mcd|camino_mcd:cam|RD_N_pe:rega|s[0] ; reloj        ; reloj       ; 1.000        ; -0.044     ; 2.304      ;
; -1.361 ; mcd:pr_mcd|camino_mcd:cam|RD_N_pe:rega|s[4] ; mcd:pr_mcd|camino_mcd:cam|RD_N_pe:regb|s[0] ; reloj        ; reloj       ; 1.000        ; -0.044     ; 2.304      ;
; -1.361 ; mcd:pr_mcd|camino_mcd:cam|RD_N_pe:regb|s[1] ; mcd:pr_mcd|camino_mcd:cam|RD_N_pe:regb|s[1] ; reloj        ; reloj       ; 1.000        ; -0.044     ; 2.304      ;
; -1.361 ; mcd:pr_mcd|camino_mcd:cam|RD_N_pe:regb|s[1] ; mcd:pr_mcd|camino_mcd:cam|RD_N_pe:rega|s[1] ; reloj        ; reloj       ; 1.000        ; -0.044     ; 2.304      ;
; -1.361 ; mcd:pr_mcd|camino_mcd:cam|RD_N_pe:regb|s[1] ; mcd:pr_mcd|camino_mcd:cam|RD_N_pe:regb|s[2] ; reloj        ; reloj       ; 1.000        ; -0.044     ; 2.304      ;
; -1.361 ; mcd:pr_mcd|camino_mcd:cam|RD_N_pe:regb|s[1] ; mcd:pr_mcd|camino_mcd:cam|RD_N_pe:rega|s[2] ; reloj        ; reloj       ; 1.000        ; -0.044     ; 2.304      ;
; -1.361 ; mcd:pr_mcd|camino_mcd:cam|RD_N_pe:regb|s[1] ; mcd:pr_mcd|camino_mcd:cam|RD_N_pe:rega|s[3] ; reloj        ; reloj       ; 1.000        ; -0.044     ; 2.304      ;
; -1.361 ; mcd:pr_mcd|camino_mcd:cam|RD_N_pe:regb|s[1] ; mcd:pr_mcd|camino_mcd:cam|RD_N_pe:rega|s[4] ; reloj        ; reloj       ; 1.000        ; -0.044     ; 2.304      ;
; -1.361 ; mcd:pr_mcd|camino_mcd:cam|RD_N_pe:regb|s[1] ; mcd:pr_mcd|camino_mcd:cam|RD_N_pe:rega|s[6] ; reloj        ; reloj       ; 1.000        ; -0.044     ; 2.304      ;
; -1.361 ; mcd:pr_mcd|camino_mcd:cam|RD_N_pe:regb|s[1] ; mcd:pr_mcd|camino_mcd:cam|RD_N_pe:rega|s[0] ; reloj        ; reloj       ; 1.000        ; -0.044     ; 2.304      ;
; -1.361 ; mcd:pr_mcd|camino_mcd:cam|RD_N_pe:regb|s[1] ; mcd:pr_mcd|camino_mcd:cam|RD_N_pe:regb|s[0] ; reloj        ; reloj       ; 1.000        ; -0.044     ; 2.304      ;
; -1.345 ; mcd:pr_mcd|camino_mcd:cam|RD_N_pe:regb|s[5] ; mcd:pr_mcd|camino_mcd:cam|RD_N_pe:regb|s[1] ; reloj        ; reloj       ; 1.000        ; -0.231     ; 2.101      ;
; -1.345 ; mcd:pr_mcd|camino_mcd:cam|RD_N_pe:regb|s[5] ; mcd:pr_mcd|camino_mcd:cam|RD_N_pe:rega|s[1] ; reloj        ; reloj       ; 1.000        ; -0.231     ; 2.101      ;
; -1.345 ; mcd:pr_mcd|camino_mcd:cam|RD_N_pe:regb|s[5] ; mcd:pr_mcd|camino_mcd:cam|RD_N_pe:regb|s[2] ; reloj        ; reloj       ; 1.000        ; -0.231     ; 2.101      ;
; -1.345 ; mcd:pr_mcd|camino_mcd:cam|RD_N_pe:regb|s[5] ; mcd:pr_mcd|camino_mcd:cam|RD_N_pe:rega|s[2] ; reloj        ; reloj       ; 1.000        ; -0.231     ; 2.101      ;
; -1.345 ; mcd:pr_mcd|camino_mcd:cam|RD_N_pe:regb|s[5] ; mcd:pr_mcd|camino_mcd:cam|RD_N_pe:rega|s[3] ; reloj        ; reloj       ; 1.000        ; -0.231     ; 2.101      ;
; -1.345 ; mcd:pr_mcd|camino_mcd:cam|RD_N_pe:regb|s[5] ; mcd:pr_mcd|camino_mcd:cam|RD_N_pe:rega|s[4] ; reloj        ; reloj       ; 1.000        ; -0.231     ; 2.101      ;
; -1.345 ; mcd:pr_mcd|camino_mcd:cam|RD_N_pe:regb|s[5] ; mcd:pr_mcd|camino_mcd:cam|RD_N_pe:rega|s[6] ; reloj        ; reloj       ; 1.000        ; -0.231     ; 2.101      ;
; -1.345 ; mcd:pr_mcd|camino_mcd:cam|RD_N_pe:regb|s[5] ; mcd:pr_mcd|camino_mcd:cam|RD_N_pe:rega|s[0] ; reloj        ; reloj       ; 1.000        ; -0.231     ; 2.101      ;
; -1.345 ; mcd:pr_mcd|camino_mcd:cam|RD_N_pe:regb|s[5] ; mcd:pr_mcd|camino_mcd:cam|RD_N_pe:regb|s[0] ; reloj        ; reloj       ; 1.000        ; -0.231     ; 2.101      ;
; -1.331 ; mcd:pr_mcd|camino_mcd:cam|RD_N_pe:regb|s[0] ; mcd:pr_mcd|camino_mcd:cam|RD_N_pe:regb|s[6] ; reloj        ; reloj       ; 1.000        ; 0.135      ; 2.453      ;
; -1.331 ; mcd:pr_mcd|camino_mcd:cam|RD_N_pe:regb|s[0] ; mcd:pr_mcd|camino_mcd:cam|RD_N_pe:regb|s[3] ; reloj        ; reloj       ; 1.000        ; 0.135      ; 2.453      ;
; -1.331 ; mcd:pr_mcd|camino_mcd:cam|RD_N_pe:regb|s[0] ; mcd:pr_mcd|camino_mcd:cam|RD_N_pe:regb|s[4] ; reloj        ; reloj       ; 1.000        ; 0.135      ; 2.453      ;
; -1.331 ; mcd:pr_mcd|camino_mcd:cam|RD_N_pe:regb|s[0] ; mcd:pr_mcd|camino_mcd:cam|RD_N_pe:regb|s[5] ; reloj        ; reloj       ; 1.000        ; 0.135      ; 2.453      ;
; -1.319 ; mcd:pr_mcd|camino_mcd:cam|RD_N_pe:regb|s[3] ; mcd:pr_mcd|camino_mcd:cam|RD_N_pe:regb|s[6] ; reloj        ; reloj       ; 1.000        ; -0.052     ; 2.254      ;
; -1.319 ; mcd:pr_mcd|camino_mcd:cam|RD_N_pe:regb|s[3] ; mcd:pr_mcd|camino_mcd:cam|RD_N_pe:regb|s[3] ; reloj        ; reloj       ; 1.000        ; -0.052     ; 2.254      ;
; -1.319 ; mcd:pr_mcd|camino_mcd:cam|RD_N_pe:regb|s[3] ; mcd:pr_mcd|camino_mcd:cam|RD_N_pe:regb|s[4] ; reloj        ; reloj       ; 1.000        ; -0.052     ; 2.254      ;
; -1.319 ; mcd:pr_mcd|camino_mcd:cam|RD_N_pe:regb|s[3] ; mcd:pr_mcd|camino_mcd:cam|RD_N_pe:regb|s[5] ; reloj        ; reloj       ; 1.000        ; -0.052     ; 2.254      ;
; -1.316 ; mcd:pr_mcd|camino_mcd:cam|RD_N_pe:rega|s[6] ; mcd:pr_mcd|camino_mcd:cam|RD_N_pe:regb|s[1] ; reloj        ; reloj       ; 1.000        ; -0.044     ; 2.259      ;
; -1.316 ; mcd:pr_mcd|camino_mcd:cam|RD_N_pe:regb|s[4] ; mcd:pr_mcd|camino_mcd:cam|RD_N_pe:regb|s[1] ; reloj        ; reloj       ; 1.000        ; -0.231     ; 2.072      ;
; -1.316 ; mcd:pr_mcd|camino_mcd:cam|RD_N_pe:rega|s[6] ; mcd:pr_mcd|camino_mcd:cam|RD_N_pe:rega|s[1] ; reloj        ; reloj       ; 1.000        ; -0.044     ; 2.259      ;
; -1.316 ; mcd:pr_mcd|camino_mcd:cam|RD_N_pe:regb|s[4] ; mcd:pr_mcd|camino_mcd:cam|RD_N_pe:rega|s[1] ; reloj        ; reloj       ; 1.000        ; -0.231     ; 2.072      ;
; -1.316 ; mcd:pr_mcd|camino_mcd:cam|RD_N_pe:rega|s[6] ; mcd:pr_mcd|camino_mcd:cam|RD_N_pe:regb|s[2] ; reloj        ; reloj       ; 1.000        ; -0.044     ; 2.259      ;
; -1.316 ; mcd:pr_mcd|camino_mcd:cam|RD_N_pe:regb|s[4] ; mcd:pr_mcd|camino_mcd:cam|RD_N_pe:regb|s[2] ; reloj        ; reloj       ; 1.000        ; -0.231     ; 2.072      ;
; -1.316 ; mcd:pr_mcd|camino_mcd:cam|RD_N_pe:rega|s[6] ; mcd:pr_mcd|camino_mcd:cam|RD_N_pe:rega|s[2] ; reloj        ; reloj       ; 1.000        ; -0.044     ; 2.259      ;
; -1.316 ; mcd:pr_mcd|camino_mcd:cam|RD_N_pe:regb|s[4] ; mcd:pr_mcd|camino_mcd:cam|RD_N_pe:rega|s[2] ; reloj        ; reloj       ; 1.000        ; -0.231     ; 2.072      ;
; -1.316 ; mcd:pr_mcd|camino_mcd:cam|RD_N_pe:rega|s[6] ; mcd:pr_mcd|camino_mcd:cam|RD_N_pe:rega|s[3] ; reloj        ; reloj       ; 1.000        ; -0.044     ; 2.259      ;
; -1.316 ; mcd:pr_mcd|camino_mcd:cam|RD_N_pe:regb|s[4] ; mcd:pr_mcd|camino_mcd:cam|RD_N_pe:rega|s[3] ; reloj        ; reloj       ; 1.000        ; -0.231     ; 2.072      ;
; -1.316 ; mcd:pr_mcd|camino_mcd:cam|RD_N_pe:rega|s[6] ; mcd:pr_mcd|camino_mcd:cam|RD_N_pe:rega|s[4] ; reloj        ; reloj       ; 1.000        ; -0.044     ; 2.259      ;
; -1.316 ; mcd:pr_mcd|camino_mcd:cam|RD_N_pe:regb|s[4] ; mcd:pr_mcd|camino_mcd:cam|RD_N_pe:rega|s[4] ; reloj        ; reloj       ; 1.000        ; -0.231     ; 2.072      ;
; -1.316 ; mcd:pr_mcd|camino_mcd:cam|RD_N_pe:rega|s[6] ; mcd:pr_mcd|camino_mcd:cam|RD_N_pe:rega|s[6] ; reloj        ; reloj       ; 1.000        ; -0.044     ; 2.259      ;
; -1.316 ; mcd:pr_mcd|camino_mcd:cam|RD_N_pe:regb|s[4] ; mcd:pr_mcd|camino_mcd:cam|RD_N_pe:rega|s[6] ; reloj        ; reloj       ; 1.000        ; -0.231     ; 2.072      ;
; -1.316 ; mcd:pr_mcd|camino_mcd:cam|RD_N_pe:rega|s[6] ; mcd:pr_mcd|camino_mcd:cam|RD_N_pe:rega|s[0] ; reloj        ; reloj       ; 1.000        ; -0.044     ; 2.259      ;
; -1.316 ; mcd:pr_mcd|camino_mcd:cam|RD_N_pe:regb|s[4] ; mcd:pr_mcd|camino_mcd:cam|RD_N_pe:rega|s[0] ; reloj        ; reloj       ; 1.000        ; -0.231     ; 2.072      ;
; -1.316 ; mcd:pr_mcd|camino_mcd:cam|RD_N_pe:rega|s[6] ; mcd:pr_mcd|camino_mcd:cam|RD_N_pe:regb|s[0] ; reloj        ; reloj       ; 1.000        ; -0.044     ; 2.259      ;
; -1.316 ; mcd:pr_mcd|camino_mcd:cam|RD_N_pe:regb|s[4] ; mcd:pr_mcd|camino_mcd:cam|RD_N_pe:regb|s[0] ; reloj        ; reloj       ; 1.000        ; -0.231     ; 2.072      ;
; -1.309 ; mcd:pr_mcd|camino_mcd:cam|RD_N_pe:rega|s[0] ; mcd:pr_mcd|camino_mcd:cam|RD_N_pe:regb|s[6] ; reloj        ; reloj       ; 1.000        ; 0.135      ; 2.431      ;
; -1.309 ; mcd:pr_mcd|camino_mcd:cam|RD_N_pe:rega|s[0] ; mcd:pr_mcd|camino_mcd:cam|RD_N_pe:regb|s[3] ; reloj        ; reloj       ; 1.000        ; 0.135      ; 2.431      ;
+--------+---------------------------------------------+---------------------------------------------+--------------+-------------+--------------+------------+------------+


+-------------------------------------------------------------------------------------------------------------------------------------------------------------------------------------+
; Fast 1200mV 0C Model Hold: 'reloj'                                                                                                                                                  ;
+-------+---------------------------------------------------+---------------------------------------------------+--------------+-------------+--------------+------------+------------+
; Slack ; From Node                                         ; To Node                                           ; Launch Clock ; Latch Clock ; Relationship ; Clock Skew ; Data Delay ;
+-------+---------------------------------------------------+---------------------------------------------------+--------------+-------------+--------------+------------+------------+
; 0.170 ; mcd:pr_mcd|camino_mcd:cam|RD_N_pe:rega|s[3]       ; mcd:pr_mcd|camino_mcd:cam|RD_N_pe:regb|s[3]       ; reloj        ; reloj       ; 0.000        ; 0.231      ; 0.485      ;
; 0.171 ; mcd:pr_mcd|camino_mcd:cam|RD_N_pe:regb|s[6]       ; mcd:pr_mcd|camino_mcd:cam|RD_N_pe:regb|s[6]       ; reloj        ; reloj       ; 0.000        ; 0.052      ; 0.307      ;
; 0.171 ; mcd:pr_mcd|camino_mcd:cam|RD_N_pe:regb|s[4]       ; mcd:pr_mcd|camino_mcd:cam|RD_N_pe:regb|s[4]       ; reloj        ; reloj       ; 0.000        ; 0.052      ; 0.307      ;
; 0.171 ; mcd:pr_mcd|camino_mcd:cam|RD_N_pe:regb|s[5]       ; mcd:pr_mcd|camino_mcd:cam|RD_N_pe:regb|s[5]       ; reloj        ; reloj       ; 0.000        ; 0.052      ; 0.307      ;
; 0.171 ; mcd:pr_mcd|camino_mcd:cam|RD_N_pe:regb|s[7]       ; mcd:pr_mcd|camino_mcd:cam|RD_N_pe:regb|s[7]       ; reloj        ; reloj       ; 0.000        ; 0.052      ; 0.307      ;
; 0.171 ; mcd:pr_mcd|control:cnt|\reg_estado:v_estado.CALC  ; mcd:pr_mcd|control:cnt|\reg_estado:v_estado.CALC  ; reloj        ; reloj       ; 0.000        ; 0.052      ; 0.307      ;
; 0.171 ; mcd:pr_mcd|camino_mcd:cam|RD_N_pe:regb|s[3]       ; mcd:pr_mcd|camino_mcd:cam|RD_N_pe:regb|s[3]       ; reloj        ; reloj       ; 0.000        ; 0.052      ; 0.307      ;
; 0.179 ; mcd:pr_mcd|camino_mcd:cam|RD_N_pe:regb|s[1]       ; mcd:pr_mcd|camino_mcd:cam|RD_N_pe:regb|s[1]       ; reloj        ; reloj       ; 0.000        ; 0.044      ; 0.307      ;
; 0.179 ; mcd:pr_mcd|camino_mcd:cam|RD_N_pe:regb|s[2]       ; mcd:pr_mcd|camino_mcd:cam|RD_N_pe:regb|s[2]       ; reloj        ; reloj       ; 0.000        ; 0.044      ; 0.307      ;
; 0.179 ; mcd:pr_mcd|control:cnt|\reg_estado:v_estado.ESP   ; mcd:pr_mcd|control:cnt|\reg_estado:v_estado.ESP   ; reloj        ; reloj       ; 0.000        ; 0.044      ; 0.307      ;
; 0.179 ; mcd:pr_mcd|camino_mcd:cam|RD_N_pe:regb|s[0]       ; mcd:pr_mcd|camino_mcd:cam|RD_N_pe:regb|s[0]       ; reloj        ; reloj       ; 0.000        ; 0.044      ; 0.307      ;
; 0.185 ; mcd:pr_mcd|camino_mcd:cam|RD_N_pe:rega|s[6]       ; mcd:pr_mcd|camino_mcd:cam|RD_N_pe:regb|s[6]       ; reloj        ; reloj       ; 0.000        ; 0.231      ; 0.500      ;
; 0.191 ; mcd:pr_mcd|camino_mcd:cam|RD_N_pe:rega|s[4]       ; mcd:pr_mcd|camino_mcd:cam|RD_N_pe:regb|s[4]       ; reloj        ; reloj       ; 0.000        ; 0.231      ; 0.506      ;
; 0.303 ; mcd:pr_mcd|camino_mcd:cam|RD_N_pe:rega|s[2]       ; mcd:pr_mcd|camino_mcd:cam|RD_N_pe:regb|s[2]       ; reloj        ; reloj       ; 0.000        ; 0.044      ; 0.431      ;
; 0.313 ; mcd:pr_mcd|camino_mcd:cam|RD_N_pe:rega|s[1]       ; mcd:pr_mcd|camino_mcd:cam|RD_N_pe:regb|s[1]       ; reloj        ; reloj       ; 0.000        ; 0.044      ; 0.441      ;
; 0.362 ; mcd:pr_mcd|camino_mcd:cam|RD_N_pe:rega|s[7]       ; mcd:pr_mcd|camino_mcd:cam|RD_N_pe:regb|s[7]       ; reloj        ; reloj       ; 0.000        ; 0.052      ; 0.498      ;
; 0.369 ; mcd:pr_mcd|camino_mcd:cam|RD_N_pe:rega|s[5]       ; mcd:pr_mcd|camino_mcd:cam|RD_N_pe:regb|s[5]       ; reloj        ; reloj       ; 0.000        ; 0.050      ; 0.503      ;
; 0.393 ; mcd:pr_mcd|control:cnt|\reg_estado:v_estado.ESP   ; mcd:pr_mcd|control:cnt|\reg_estado:v_estado.CALC  ; reloj        ; reloj       ; 0.000        ; 0.245      ; 0.722      ;
; 0.399 ; mcd:pr_mcd|control:cnt|\reg_estado:v_estado.ESP   ; mcd:pr_mcd|control:cnt|\reg_estado:v_estado.HECHO ; reloj        ; reloj       ; 0.000        ; 0.245      ; 0.728      ;
; 0.434 ; mcd:pr_mcd|camino_mcd:cam|RD_N_pe:regb|s[7]       ; mcd:pr_mcd|camino_mcd:cam|RD_N_pe:rega|s[7]       ; reloj        ; reloj       ; 0.000        ; 0.052      ; 0.570      ;
; 0.439 ; mcd:pr_mcd|camino_mcd:cam|RD_N_pe:regb|s[1]       ; mcd:pr_mcd|camino_mcd:cam|RD_N_pe:rega|s[1]       ; reloj        ; reloj       ; 0.000        ; 0.044      ; 0.567      ;
; 0.442 ; mcd:pr_mcd|camino_mcd:cam|RD_N_pe:regb|s[2]       ; mcd:pr_mcd|camino_mcd:cam|RD_N_pe:rega|s[2]       ; reloj        ; reloj       ; 0.000        ; 0.044      ; 0.570      ;
; 0.442 ; mcd:pr_mcd|camino_mcd:cam|RD_N_pe:regb|s[7]       ; mcd:pr_mcd|camino_mcd:cam|RD_N_pe:regb|s[6]       ; reloj        ; reloj       ; 0.000        ; 0.050      ; 0.576      ;
; 0.443 ; mcd:pr_mcd|camino_mcd:cam|RD_N_pe:regb|s[7]       ; mcd:pr_mcd|camino_mcd:cam|RD_N_pe:regb|s[3]       ; reloj        ; reloj       ; 0.000        ; 0.050      ; 0.577      ;
; 0.443 ; mcd:pr_mcd|camino_mcd:cam|RD_N_pe:regb|s[7]       ; mcd:pr_mcd|camino_mcd:cam|RD_N_pe:regb|s[5]       ; reloj        ; reloj       ; 0.000        ; 0.050      ; 0.577      ;
; 0.444 ; mcd:pr_mcd|camino_mcd:cam|RD_N_pe:regb|s[7]       ; mcd:pr_mcd|camino_mcd:cam|RD_N_pe:regb|s[4]       ; reloj        ; reloj       ; 0.000        ; 0.050      ; 0.578      ;
; 0.447 ; mcd:pr_mcd|camino_mcd:cam|RD_N_pe:regb|s[0]       ; mcd:pr_mcd|camino_mcd:cam|RD_N_pe:rega|s[0]       ; reloj        ; reloj       ; 0.000        ; 0.044      ; 0.575      ;
; 0.458 ; mcd:pr_mcd|control:cnt|\reg_estado:v_estado.CALC  ; mcd:pr_mcd|control:cnt|\reg_estado:v_estado.HECHO ; reloj        ; reloj       ; 0.000        ; 0.052      ; 0.594      ;
; 0.467 ; mcd:pr_mcd|camino_mcd:cam|RD_N_pe:regb|s[2]       ; mcd:pr_mcd|camino_mcd:cam|RD_N_pe:rega|s[5]       ; reloj        ; reloj       ; 0.000        ; 0.233      ; 0.784      ;
; 0.478 ; mcd:pr_mcd|camino_mcd:cam|RD_N_pe:regb|s[1]       ; mcd:pr_mcd|camino_mcd:cam|RD_N_pe:rega|s[5]       ; reloj        ; reloj       ; 0.000        ; 0.233      ; 0.795      ;
; 0.484 ; mcd:pr_mcd|control:cnt|\reg_estado:v_estado.ESP   ; mcd:pr_mcd|camino_mcd:cam|RD_N_pe:rega|s[5]       ; reloj        ; reloj       ; 0.000        ; 0.233      ; 0.801      ;
; 0.484 ; mcd:pr_mcd|control:cnt|\reg_estado:v_estado.ESP   ; mcd:pr_mcd|camino_mcd:cam|RD_N_pe:regb|s[7]       ; reloj        ; reloj       ; 0.000        ; 0.233      ; 0.801      ;
; 0.484 ; mcd:pr_mcd|control:cnt|\reg_estado:v_estado.ESP   ; mcd:pr_mcd|camino_mcd:cam|RD_N_pe:rega|s[7]       ; reloj        ; reloj       ; 0.000        ; 0.233      ; 0.801      ;
; 0.502 ; mcd:pr_mcd|camino_mcd:cam|RD_N_pe:regb|s[5]       ; mcd:pr_mcd|camino_mcd:cam|RD_N_pe:rega|s[5]       ; reloj        ; reloj       ; 0.000        ; 0.054      ; 0.640      ;
; 0.506 ; mcd:pr_mcd|control:cnt|\reg_estado:v_estado.HECHO ; mcd:pr_mcd|control:cnt|\reg_estado:v_estado.ESP   ; reloj        ; reloj       ; 0.000        ; -0.149     ; 0.441      ;
; 0.532 ; mcd:pr_mcd|camino_mcd:cam|RD_N_pe:regb|s[0]       ; mcd:pr_mcd|camino_mcd:cam|RD_N_pe:rega|s[5]       ; reloj        ; reloj       ; 0.000        ; 0.233      ; 0.849      ;
; 0.533 ; mcd:pr_mcd|camino_mcd:cam|RD_N_pe:regb|s[2]       ; mcd:pr_mcd|camino_mcd:cam|RD_N_pe:rega|s[7]       ; reloj        ; reloj       ; 0.000        ; 0.233      ; 0.850      ;
; 0.544 ; mcd:pr_mcd|camino_mcd:cam|RD_N_pe:regb|s[1]       ; mcd:pr_mcd|camino_mcd:cam|RD_N_pe:rega|s[7]       ; reloj        ; reloj       ; 0.000        ; 0.233      ; 0.861      ;
; 0.554 ; mcd:pr_mcd|camino_mcd:cam|RD_N_pe:rega|s[0]       ; mcd:pr_mcd|camino_mcd:cam|RD_N_pe:regb|s[0]       ; reloj        ; reloj       ; 0.000        ; 0.044      ; 0.682      ;
; 0.562 ; mcd:pr_mcd|control:cnt|\reg_estado:v_estado.HECHO ; mcd:pr_mcd|control:cnt|\reg_estado:v_estado.HECHO ; reloj        ; reloj       ; 0.000        ; 0.052      ; 0.698      ;
; 0.563 ; mcd:pr_mcd|control:cnt|\reg_estado:v_estado.ESP   ; mcd:pr_mcd|camino_mcd:cam|RD_N_pe:regb|s[6]       ; reloj        ; reloj       ; 0.000        ; 0.231      ; 0.878      ;
; 0.563 ; mcd:pr_mcd|control:cnt|\reg_estado:v_estado.ESP   ; mcd:pr_mcd|camino_mcd:cam|RD_N_pe:regb|s[3]       ; reloj        ; reloj       ; 0.000        ; 0.231      ; 0.878      ;
; 0.563 ; mcd:pr_mcd|control:cnt|\reg_estado:v_estado.ESP   ; mcd:pr_mcd|camino_mcd:cam|RD_N_pe:regb|s[4]       ; reloj        ; reloj       ; 0.000        ; 0.231      ; 0.878      ;
; 0.563 ; mcd:pr_mcd|control:cnt|\reg_estado:v_estado.ESP   ; mcd:pr_mcd|camino_mcd:cam|RD_N_pe:regb|s[5]       ; reloj        ; reloj       ; 0.000        ; 0.231      ; 0.878      ;
; 0.566 ; mcd:pr_mcd|camino_mcd:cam|RD_N_pe:rega|s[2]       ; mcd:pr_mcd|camino_mcd:cam|RD_N_pe:rega|s[2]       ; reloj        ; reloj       ; 0.000        ; 0.044      ; 0.694      ;
; 0.573 ; mcd:pr_mcd|camino_mcd:cam|RD_N_pe:rega|s[1]       ; mcd:pr_mcd|camino_mcd:cam|RD_N_pe:rega|s[1]       ; reloj        ; reloj       ; 0.000        ; 0.044      ; 0.701      ;
; 0.582 ; mcd:pr_mcd|camino_mcd:cam|RD_N_pe:rega|s[7]       ; mcd:pr_mcd|camino_mcd:cam|RD_N_pe:regb|s[6]       ; reloj        ; reloj       ; 0.000        ; 0.050      ; 0.716      ;
; 0.583 ; mcd:pr_mcd|camino_mcd:cam|RD_N_pe:rega|s[7]       ; mcd:pr_mcd|camino_mcd:cam|RD_N_pe:regb|s[3]       ; reloj        ; reloj       ; 0.000        ; 0.050      ; 0.717      ;
; 0.583 ; mcd:pr_mcd|camino_mcd:cam|RD_N_pe:rega|s[7]       ; mcd:pr_mcd|camino_mcd:cam|RD_N_pe:regb|s[5]       ; reloj        ; reloj       ; 0.000        ; 0.050      ; 0.717      ;
; 0.584 ; mcd:pr_mcd|camino_mcd:cam|RD_N_pe:rega|s[7]       ; mcd:pr_mcd|camino_mcd:cam|RD_N_pe:regb|s[4]       ; reloj        ; reloj       ; 0.000        ; 0.050      ; 0.718      ;
; 0.589 ; mcd:pr_mcd|camino_mcd:cam|RD_N_pe:regb|s[0]       ; mcd:pr_mcd|camino_mcd:cam|RD_N_pe:rega|s[1]       ; reloj        ; reloj       ; 0.000        ; 0.044      ; 0.717      ;
; 0.590 ; mcd:pr_mcd|camino_mcd:cam|RD_N_pe:regb|s[2]       ; mcd:pr_mcd|camino_mcd:cam|RD_N_pe:rega|s[3]       ; reloj        ; reloj       ; 0.000        ; 0.044      ; 0.718      ;
; 0.591 ; mcd:pr_mcd|camino_mcd:cam|RD_N_pe:rega|s[2]       ; mcd:pr_mcd|camino_mcd:cam|RD_N_pe:rega|s[5]       ; reloj        ; reloj       ; 0.000        ; 0.233      ; 0.908      ;
; 0.598 ; mcd:pr_mcd|camino_mcd:cam|RD_N_pe:regb|s[1]       ; mcd:pr_mcd|camino_mcd:cam|RD_N_pe:rega|s[2]       ; reloj        ; reloj       ; 0.000        ; 0.044      ; 0.726      ;
; 0.598 ; mcd:pr_mcd|camino_mcd:cam|RD_N_pe:regb|s[0]       ; mcd:pr_mcd|camino_mcd:cam|RD_N_pe:rega|s[7]       ; reloj        ; reloj       ; 0.000        ; 0.233      ; 0.915      ;
; 0.601 ; mcd:pr_mcd|camino_mcd:cam|RD_N_pe:regb|s[1]       ; mcd:pr_mcd|camino_mcd:cam|RD_N_pe:rega|s[3]       ; reloj        ; reloj       ; 0.000        ; 0.044      ; 0.729      ;
; 0.606 ; mcd:pr_mcd|camino_mcd:cam|RD_N_pe:rega|s[7]       ; mcd:pr_mcd|camino_mcd:cam|RD_N_pe:rega|s[7]       ; reloj        ; reloj       ; 0.000        ; 0.052      ; 0.742      ;
; 0.612 ; mcd:pr_mcd|camino_mcd:cam|RD_N_pe:rega|s[1]       ; mcd:pr_mcd|camino_mcd:cam|RD_N_pe:rega|s[5]       ; reloj        ; reloj       ; 0.000        ; 0.233      ; 0.929      ;
; 0.630 ; mcd:pr_mcd|camino_mcd:cam|RD_N_pe:rega|s[3]       ; mcd:pr_mcd|camino_mcd:cam|RD_N_pe:regb|s[6]       ; reloj        ; reloj       ; 0.000        ; 0.231      ; 0.945      ;
; 0.631 ; mcd:pr_mcd|camino_mcd:cam|RD_N_pe:rega|s[3]       ; mcd:pr_mcd|camino_mcd:cam|RD_N_pe:regb|s[5]       ; reloj        ; reloj       ; 0.000        ; 0.231      ; 0.946      ;
; 0.632 ; mcd:pr_mcd|camino_mcd:cam|RD_N_pe:rega|s[3]       ; mcd:pr_mcd|camino_mcd:cam|RD_N_pe:regb|s[4]       ; reloj        ; reloj       ; 0.000        ; 0.231      ; 0.947      ;
; 0.643 ; mcd:pr_mcd|camino_mcd:cam|RD_N_pe:regb|s[6]       ; mcd:pr_mcd|camino_mcd:cam|RD_N_pe:regb|s[3]       ; reloj        ; reloj       ; 0.000        ; 0.052      ; 0.779      ;
; 0.643 ; mcd:pr_mcd|camino_mcd:cam|RD_N_pe:regb|s[6]       ; mcd:pr_mcd|camino_mcd:cam|RD_N_pe:regb|s[5]       ; reloj        ; reloj       ; 0.000        ; 0.052      ; 0.779      ;
; 0.644 ; mcd:pr_mcd|camino_mcd:cam|RD_N_pe:regb|s[6]       ; mcd:pr_mcd|camino_mcd:cam|RD_N_pe:regb|s[4]       ; reloj        ; reloj       ; 0.000        ; 0.052      ; 0.780      ;
; 0.644 ; mcd:pr_mcd|camino_mcd:cam|RD_N_pe:regb|s[6]       ; mcd:pr_mcd|camino_mcd:cam|RD_N_pe:rega|s[7]       ; reloj        ; reloj       ; 0.000        ; 0.054      ; 0.782      ;
; 0.651 ; mcd:pr_mcd|camino_mcd:cam|RD_N_pe:rega|s[6]       ; mcd:pr_mcd|camino_mcd:cam|RD_N_pe:regb|s[3]       ; reloj        ; reloj       ; 0.000        ; 0.231      ; 0.966      ;
; 0.651 ; mcd:pr_mcd|camino_mcd:cam|RD_N_pe:rega|s[6]       ; mcd:pr_mcd|camino_mcd:cam|RD_N_pe:regb|s[5]       ; reloj        ; reloj       ; 0.000        ; 0.231      ; 0.966      ;
; 0.652 ; mcd:pr_mcd|camino_mcd:cam|RD_N_pe:regb|s[0]       ; mcd:pr_mcd|camino_mcd:cam|RD_N_pe:rega|s[2]       ; reloj        ; reloj       ; 0.000        ; 0.044      ; 0.780      ;
; 0.652 ; mcd:pr_mcd|camino_mcd:cam|RD_N_pe:rega|s[6]       ; mcd:pr_mcd|camino_mcd:cam|RD_N_pe:regb|s[4]       ; reloj        ; reloj       ; 0.000        ; 0.231      ; 0.967      ;
; 0.653 ; mcd:pr_mcd|camino_mcd:cam|RD_N_pe:regb|s[2]       ; mcd:pr_mcd|camino_mcd:cam|RD_N_pe:rega|s[4]       ; reloj        ; reloj       ; 0.000        ; 0.044      ; 0.781      ;
; 0.655 ; mcd:pr_mcd|camino_mcd:cam|RD_N_pe:regb|s[0]       ; mcd:pr_mcd|camino_mcd:cam|RD_N_pe:rega|s[3]       ; reloj        ; reloj       ; 0.000        ; 0.044      ; 0.783      ;
; 0.655 ; mcd:pr_mcd|camino_mcd:cam|RD_N_pe:regb|s[2]       ; mcd:pr_mcd|camino_mcd:cam|RD_N_pe:regb|s[6]       ; reloj        ; reloj       ; 0.000        ; 0.231      ; 0.970      ;
; 0.656 ; mcd:pr_mcd|camino_mcd:cam|RD_N_pe:regb|s[2]       ; mcd:pr_mcd|camino_mcd:cam|RD_N_pe:regb|s[3]       ; reloj        ; reloj       ; 0.000        ; 0.231      ; 0.971      ;
; 0.656 ; mcd:pr_mcd|camino_mcd:cam|RD_N_pe:regb|s[2]       ; mcd:pr_mcd|camino_mcd:cam|RD_N_pe:regb|s[5]       ; reloj        ; reloj       ; 0.000        ; 0.231      ; 0.971      ;
; 0.657 ; mcd:pr_mcd|camino_mcd:cam|RD_N_pe:rega|s[2]       ; mcd:pr_mcd|camino_mcd:cam|RD_N_pe:rega|s[7]       ; reloj        ; reloj       ; 0.000        ; 0.233      ; 0.974      ;
; 0.657 ; mcd:pr_mcd|camino_mcd:cam|RD_N_pe:regb|s[2]       ; mcd:pr_mcd|camino_mcd:cam|RD_N_pe:regb|s[4]       ; reloj        ; reloj       ; 0.000        ; 0.231      ; 0.972      ;
; 0.658 ; mcd:pr_mcd|camino_mcd:cam|RD_N_pe:rega|s[6]       ; mcd:pr_mcd|camino_mcd:cam|RD_N_pe:rega|s[7]       ; reloj        ; reloj       ; 0.000        ; 0.233      ; 0.975      ;
; 0.659 ; mcd:pr_mcd|camino_mcd:cam|RD_N_pe:regb|s[4]       ; mcd:pr_mcd|camino_mcd:cam|RD_N_pe:rega|s[5]       ; reloj        ; reloj       ; 0.000        ; 0.054      ; 0.797      ;
; 0.664 ; mcd:pr_mcd|camino_mcd:cam|RD_N_pe:regb|s[5]       ; mcd:pr_mcd|camino_mcd:cam|RD_N_pe:rega|s[7]       ; reloj        ; reloj       ; 0.000        ; 0.054      ; 0.802      ;
; 0.664 ; mcd:pr_mcd|camino_mcd:cam|RD_N_pe:regb|s[1]       ; mcd:pr_mcd|camino_mcd:cam|RD_N_pe:rega|s[4]       ; reloj        ; reloj       ; 0.000        ; 0.044      ; 0.792      ;
; 0.668 ; mcd:pr_mcd|camino_mcd:cam|RD_N_pe:rega|s[3]       ; mcd:pr_mcd|camino_mcd:cam|RD_N_pe:rega|s[5]       ; reloj        ; reloj       ; 0.000        ; 0.233      ; 0.985      ;
; 0.669 ; mcd:pr_mcd|camino_mcd:cam|RD_N_pe:regb|s[3]       ; mcd:pr_mcd|camino_mcd:cam|RD_N_pe:rega|s[5]       ; reloj        ; reloj       ; 0.000        ; 0.054      ; 0.807      ;
; 0.670 ; mcd:pr_mcd|control:cnt|\reg_estado:v_estado.HECHO ; mcd:pr_mcd|control:cnt|\reg_estado:v_estado.CALC  ; reloj        ; reloj       ; 0.000        ; 0.052      ; 0.806      ;
; 0.673 ; mcd:pr_mcd|control:cnt|\reg_estado:v_estado.ESP   ; mcd:pr_mcd|camino_mcd:cam|RD_N_pe:regb|s[1]       ; reloj        ; reloj       ; 0.000        ; 0.044      ; 0.801      ;
; 0.673 ; mcd:pr_mcd|control:cnt|\reg_estado:v_estado.ESP   ; mcd:pr_mcd|camino_mcd:cam|RD_N_pe:rega|s[1]       ; reloj        ; reloj       ; 0.000        ; 0.044      ; 0.801      ;
; 0.673 ; mcd:pr_mcd|control:cnt|\reg_estado:v_estado.ESP   ; mcd:pr_mcd|camino_mcd:cam|RD_N_pe:regb|s[2]       ; reloj        ; reloj       ; 0.000        ; 0.044      ; 0.801      ;
; 0.673 ; mcd:pr_mcd|control:cnt|\reg_estado:v_estado.ESP   ; mcd:pr_mcd|camino_mcd:cam|RD_N_pe:rega|s[2]       ; reloj        ; reloj       ; 0.000        ; 0.044      ; 0.801      ;
; 0.673 ; mcd:pr_mcd|control:cnt|\reg_estado:v_estado.ESP   ; mcd:pr_mcd|camino_mcd:cam|RD_N_pe:rega|s[3]       ; reloj        ; reloj       ; 0.000        ; 0.044      ; 0.801      ;
; 0.673 ; mcd:pr_mcd|control:cnt|\reg_estado:v_estado.ESP   ; mcd:pr_mcd|camino_mcd:cam|RD_N_pe:rega|s[4]       ; reloj        ; reloj       ; 0.000        ; 0.044      ; 0.801      ;
; 0.673 ; mcd:pr_mcd|control:cnt|\reg_estado:v_estado.ESP   ; mcd:pr_mcd|camino_mcd:cam|RD_N_pe:rega|s[6]       ; reloj        ; reloj       ; 0.000        ; 0.044      ; 0.801      ;
; 0.673 ; mcd:pr_mcd|control:cnt|\reg_estado:v_estado.ESP   ; mcd:pr_mcd|camino_mcd:cam|RD_N_pe:rega|s[0]       ; reloj        ; reloj       ; 0.000        ; 0.044      ; 0.801      ;
; 0.673 ; mcd:pr_mcd|control:cnt|\reg_estado:v_estado.ESP   ; mcd:pr_mcd|camino_mcd:cam|RD_N_pe:regb|s[0]       ; reloj        ; reloj       ; 0.000        ; 0.044      ; 0.801      ;
; 0.678 ; mcd:pr_mcd|camino_mcd:cam|RD_N_pe:rega|s[1]       ; mcd:pr_mcd|camino_mcd:cam|RD_N_pe:rega|s[7]       ; reloj        ; reloj       ; 0.000        ; 0.233      ; 0.995      ;
; 0.679 ; mcd:pr_mcd|camino_mcd:cam|RD_N_pe:rega|s[4]       ; mcd:pr_mcd|camino_mcd:cam|RD_N_pe:rega|s[5]       ; reloj        ; reloj       ; 0.000        ; 0.233      ; 0.996      ;
; 0.685 ; mcd:pr_mcd|camino_mcd:cam|RD_N_pe:regb|s[6]       ; mcd:pr_mcd|camino_mcd:cam|RD_N_pe:rega|s[6]       ; reloj        ; reloj       ; 0.000        ; -0.135     ; 0.634      ;
; 0.688 ; mcd:pr_mcd|camino_mcd:cam|RD_N_pe:regb|s[5]       ; mcd:pr_mcd|camino_mcd:cam|RD_N_pe:regb|s[6]       ; reloj        ; reloj       ; 0.000        ; 0.052      ; 0.824      ;
; 0.689 ; mcd:pr_mcd|camino_mcd:cam|RD_N_pe:regb|s[5]       ; mcd:pr_mcd|camino_mcd:cam|RD_N_pe:regb|s[3]       ; reloj        ; reloj       ; 0.000        ; 0.052      ; 0.825      ;
; 0.690 ; mcd:pr_mcd|camino_mcd:cam|RD_N_pe:regb|s[5]       ; mcd:pr_mcd|camino_mcd:cam|RD_N_pe:regb|s[4]       ; reloj        ; reloj       ; 0.000        ; 0.052      ; 0.826      ;
; 0.693 ; mcd:pr_mcd|camino_mcd:cam|RD_N_pe:regb|s[1]       ; mcd:pr_mcd|control:cnt|\reg_estado:v_estado.HECHO ; reloj        ; reloj       ; 0.000        ; 0.245      ; 1.022      ;
; 0.695 ; mcd:pr_mcd|camino_mcd:cam|RD_N_pe:rega|s[3]       ; mcd:pr_mcd|camino_mcd:cam|RD_N_pe:rega|s[3]       ; reloj        ; reloj       ; 0.000        ; 0.044      ; 0.823      ;
+-------+---------------------------------------------------+---------------------------------------------------+--------------+-------------+--------------+------------+------------+


+------------------------------------------------------------------------------------------------------------------------------------+
; Fast 1200mV 0C Model Minimum Pulse Width: 'reloj'                                                                                  ;
+--------+--------------+----------------+------------------+-------+------------+---------------------------------------------------+
; Slack  ; Actual Width ; Required Width ; Type             ; Clock ; Clock Edge ; Target                                            ;
+--------+--------------+----------------+------------------+-------+------------+---------------------------------------------------+
; -3.000 ; 1.000        ; 4.000          ; Port Rate        ; reloj ; Rise       ; reloj                                             ;
; -1.000 ; 1.000        ; 2.000          ; Min Period       ; reloj ; Rise       ; mcd:pr_mcd|camino_mcd:cam|RD_N_pe:rega|s[0]       ;
; -1.000 ; 1.000        ; 2.000          ; Min Period       ; reloj ; Rise       ; mcd:pr_mcd|camino_mcd:cam|RD_N_pe:rega|s[1]       ;
; -1.000 ; 1.000        ; 2.000          ; Min Period       ; reloj ; Rise       ; mcd:pr_mcd|camino_mcd:cam|RD_N_pe:rega|s[2]       ;
; -1.000 ; 1.000        ; 2.000          ; Min Period       ; reloj ; Rise       ; mcd:pr_mcd|camino_mcd:cam|RD_N_pe:rega|s[3]       ;
; -1.000 ; 1.000        ; 2.000          ; Min Period       ; reloj ; Rise       ; mcd:pr_mcd|camino_mcd:cam|RD_N_pe:rega|s[4]       ;
; -1.000 ; 1.000        ; 2.000          ; Min Period       ; reloj ; Rise       ; mcd:pr_mcd|camino_mcd:cam|RD_N_pe:rega|s[5]       ;
; -1.000 ; 1.000        ; 2.000          ; Min Period       ; reloj ; Rise       ; mcd:pr_mcd|camino_mcd:cam|RD_N_pe:rega|s[6]       ;
; -1.000 ; 1.000        ; 2.000          ; Min Period       ; reloj ; Rise       ; mcd:pr_mcd|camino_mcd:cam|RD_N_pe:rega|s[7]       ;
; -1.000 ; 1.000        ; 2.000          ; Min Period       ; reloj ; Rise       ; mcd:pr_mcd|camino_mcd:cam|RD_N_pe:regb|s[0]       ;
; -1.000 ; 1.000        ; 2.000          ; Min Period       ; reloj ; Rise       ; mcd:pr_mcd|camino_mcd:cam|RD_N_pe:regb|s[1]       ;
; -1.000 ; 1.000        ; 2.000          ; Min Period       ; reloj ; Rise       ; mcd:pr_mcd|camino_mcd:cam|RD_N_pe:regb|s[2]       ;
; -1.000 ; 1.000        ; 2.000          ; Min Period       ; reloj ; Rise       ; mcd:pr_mcd|camino_mcd:cam|RD_N_pe:regb|s[3]       ;
; -1.000 ; 1.000        ; 2.000          ; Min Period       ; reloj ; Rise       ; mcd:pr_mcd|camino_mcd:cam|RD_N_pe:regb|s[4]       ;
; -1.000 ; 1.000        ; 2.000          ; Min Period       ; reloj ; Rise       ; mcd:pr_mcd|camino_mcd:cam|RD_N_pe:regb|s[5]       ;
; -1.000 ; 1.000        ; 2.000          ; Min Period       ; reloj ; Rise       ; mcd:pr_mcd|camino_mcd:cam|RD_N_pe:regb|s[6]       ;
; -1.000 ; 1.000        ; 2.000          ; Min Period       ; reloj ; Rise       ; mcd:pr_mcd|camino_mcd:cam|RD_N_pe:regb|s[7]       ;
; -1.000 ; 1.000        ; 2.000          ; Min Period       ; reloj ; Rise       ; mcd:pr_mcd|control:cnt|\reg_estado:v_estado.CALC  ;
; -1.000 ; 1.000        ; 2.000          ; Min Period       ; reloj ; Rise       ; mcd:pr_mcd|control:cnt|\reg_estado:v_estado.ESP   ;
; -1.000 ; 1.000        ; 2.000          ; Min Period       ; reloj ; Rise       ; mcd:pr_mcd|control:cnt|\reg_estado:v_estado.HECHO ;
; -0.039 ; 0.145        ; 0.184          ; Low Pulse Width  ; reloj ; Rise       ; mcd:pr_mcd|control:cnt|\reg_estado:v_estado.CALC  ;
; -0.039 ; 0.145        ; 0.184          ; Low Pulse Width  ; reloj ; Rise       ; mcd:pr_mcd|control:cnt|\reg_estado:v_estado.HECHO ;
; -0.031 ; 0.153        ; 0.184          ; Low Pulse Width  ; reloj ; Rise       ; mcd:pr_mcd|camino_mcd:cam|RD_N_pe:rega|s[5]       ;
; -0.031 ; 0.153        ; 0.184          ; Low Pulse Width  ; reloj ; Rise       ; mcd:pr_mcd|camino_mcd:cam|RD_N_pe:rega|s[7]       ;
; -0.031 ; 0.153        ; 0.184          ; Low Pulse Width  ; reloj ; Rise       ; mcd:pr_mcd|camino_mcd:cam|RD_N_pe:regb|s[7]       ;
; -0.028 ; 0.156        ; 0.184          ; Low Pulse Width  ; reloj ; Rise       ; mcd:pr_mcd|camino_mcd:cam|RD_N_pe:regb|s[3]       ;
; -0.028 ; 0.156        ; 0.184          ; Low Pulse Width  ; reloj ; Rise       ; mcd:pr_mcd|camino_mcd:cam|RD_N_pe:regb|s[4]       ;
; -0.028 ; 0.156        ; 0.184          ; Low Pulse Width  ; reloj ; Rise       ; mcd:pr_mcd|camino_mcd:cam|RD_N_pe:regb|s[5]       ;
; -0.028 ; 0.156        ; 0.184          ; Low Pulse Width  ; reloj ; Rise       ; mcd:pr_mcd|camino_mcd:cam|RD_N_pe:regb|s[6]       ;
; -0.015 ; 0.169        ; 0.184          ; Low Pulse Width  ; reloj ; Rise       ; mcd:pr_mcd|camino_mcd:cam|RD_N_pe:rega|s[0]       ;
; -0.015 ; 0.169        ; 0.184          ; Low Pulse Width  ; reloj ; Rise       ; mcd:pr_mcd|camino_mcd:cam|RD_N_pe:rega|s[1]       ;
; -0.015 ; 0.169        ; 0.184          ; Low Pulse Width  ; reloj ; Rise       ; mcd:pr_mcd|camino_mcd:cam|RD_N_pe:rega|s[2]       ;
; -0.015 ; 0.169        ; 0.184          ; Low Pulse Width  ; reloj ; Rise       ; mcd:pr_mcd|camino_mcd:cam|RD_N_pe:rega|s[3]       ;
; -0.015 ; 0.169        ; 0.184          ; Low Pulse Width  ; reloj ; Rise       ; mcd:pr_mcd|camino_mcd:cam|RD_N_pe:rega|s[4]       ;
; -0.015 ; 0.169        ; 0.184          ; Low Pulse Width  ; reloj ; Rise       ; mcd:pr_mcd|camino_mcd:cam|RD_N_pe:rega|s[6]       ;
; -0.015 ; 0.169        ; 0.184          ; Low Pulse Width  ; reloj ; Rise       ; mcd:pr_mcd|camino_mcd:cam|RD_N_pe:regb|s[0]       ;
; -0.015 ; 0.169        ; 0.184          ; Low Pulse Width  ; reloj ; Rise       ; mcd:pr_mcd|camino_mcd:cam|RD_N_pe:regb|s[1]       ;
; -0.015 ; 0.169        ; 0.184          ; Low Pulse Width  ; reloj ; Rise       ; mcd:pr_mcd|camino_mcd:cam|RD_N_pe:regb|s[2]       ;
; -0.015 ; 0.169        ; 0.184          ; Low Pulse Width  ; reloj ; Rise       ; mcd:pr_mcd|control:cnt|\reg_estado:v_estado.ESP   ;
; 0.121  ; 0.121        ; 0.000          ; Low Pulse Width  ; reloj ; Rise       ; reloj~input|o                                     ;
; 0.136  ; 0.136        ; 0.000          ; Low Pulse Width  ; reloj ; Rise       ; reloj~inputclkctrl|inclk[0]                       ;
; 0.136  ; 0.136        ; 0.000          ; Low Pulse Width  ; reloj ; Rise       ; reloj~inputclkctrl|outclk                         ;
; 0.140  ; 0.140        ; 0.000          ; Low Pulse Width  ; reloj ; Rise       ; pr_mcd|cnt|\reg_estado:v_estado.CALC|clk          ;
; 0.140  ; 0.140        ; 0.000          ; Low Pulse Width  ; reloj ; Rise       ; pr_mcd|cnt|\reg_estado:v_estado.HECHO|clk         ;
; 0.147  ; 0.147        ; 0.000          ; Low Pulse Width  ; reloj ; Rise       ; pr_mcd|cam|rega|s[5]|clk                          ;
; 0.147  ; 0.147        ; 0.000          ; Low Pulse Width  ; reloj ; Rise       ; pr_mcd|cam|rega|s[7]|clk                          ;
; 0.147  ; 0.147        ; 0.000          ; Low Pulse Width  ; reloj ; Rise       ; pr_mcd|cam|regb|s[7]|clk                          ;
; 0.150  ; 0.150        ; 0.000          ; Low Pulse Width  ; reloj ; Rise       ; pr_mcd|cam|regb|s[3]|clk                          ;
; 0.150  ; 0.150        ; 0.000          ; Low Pulse Width  ; reloj ; Rise       ; pr_mcd|cam|regb|s[4]|clk                          ;
; 0.150  ; 0.150        ; 0.000          ; Low Pulse Width  ; reloj ; Rise       ; pr_mcd|cam|regb|s[5]|clk                          ;
; 0.150  ; 0.150        ; 0.000          ; Low Pulse Width  ; reloj ; Rise       ; pr_mcd|cam|regb|s[6]|clk                          ;
; 0.163  ; 0.163        ; 0.000          ; Low Pulse Width  ; reloj ; Rise       ; pr_mcd|cam|rega|s[0]|clk                          ;
; 0.163  ; 0.163        ; 0.000          ; Low Pulse Width  ; reloj ; Rise       ; pr_mcd|cam|rega|s[1]|clk                          ;
; 0.163  ; 0.163        ; 0.000          ; Low Pulse Width  ; reloj ; Rise       ; pr_mcd|cam|rega|s[2]|clk                          ;
; 0.163  ; 0.163        ; 0.000          ; Low Pulse Width  ; reloj ; Rise       ; pr_mcd|cam|rega|s[3]|clk                          ;
; 0.163  ; 0.163        ; 0.000          ; Low Pulse Width  ; reloj ; Rise       ; pr_mcd|cam|rega|s[4]|clk                          ;
; 0.163  ; 0.163        ; 0.000          ; Low Pulse Width  ; reloj ; Rise       ; pr_mcd|cam|rega|s[6]|clk                          ;
; 0.163  ; 0.163        ; 0.000          ; Low Pulse Width  ; reloj ; Rise       ; pr_mcd|cam|regb|s[0]|clk                          ;
; 0.163  ; 0.163        ; 0.000          ; Low Pulse Width  ; reloj ; Rise       ; pr_mcd|cam|regb|s[1]|clk                          ;
; 0.163  ; 0.163        ; 0.000          ; Low Pulse Width  ; reloj ; Rise       ; pr_mcd|cam|regb|s[2]|clk                          ;
; 0.163  ; 0.163        ; 0.000          ; Low Pulse Width  ; reloj ; Rise       ; pr_mcd|cnt|\reg_estado:v_estado.ESP|clk           ;
; 0.500  ; 0.500        ; 0.000          ; High Pulse Width ; reloj ; Rise       ; reloj~input|i                                     ;
; 0.500  ; 0.500        ; 0.000          ; Low Pulse Width  ; reloj ; Rise       ; reloj~input|i                                     ;
; 0.615  ; 0.831        ; 0.216          ; High Pulse Width ; reloj ; Rise       ; mcd:pr_mcd|camino_mcd:cam|RD_N_pe:rega|s[0]       ;
; 0.615  ; 0.831        ; 0.216          ; High Pulse Width ; reloj ; Rise       ; mcd:pr_mcd|camino_mcd:cam|RD_N_pe:rega|s[1]       ;
; 0.615  ; 0.831        ; 0.216          ; High Pulse Width ; reloj ; Rise       ; mcd:pr_mcd|camino_mcd:cam|RD_N_pe:rega|s[2]       ;
; 0.615  ; 0.831        ; 0.216          ; High Pulse Width ; reloj ; Rise       ; mcd:pr_mcd|camino_mcd:cam|RD_N_pe:rega|s[3]       ;
; 0.615  ; 0.831        ; 0.216          ; High Pulse Width ; reloj ; Rise       ; mcd:pr_mcd|camino_mcd:cam|RD_N_pe:rega|s[4]       ;
; 0.615  ; 0.831        ; 0.216          ; High Pulse Width ; reloj ; Rise       ; mcd:pr_mcd|camino_mcd:cam|RD_N_pe:rega|s[6]       ;
; 0.615  ; 0.831        ; 0.216          ; High Pulse Width ; reloj ; Rise       ; mcd:pr_mcd|camino_mcd:cam|RD_N_pe:regb|s[0]       ;
; 0.615  ; 0.831        ; 0.216          ; High Pulse Width ; reloj ; Rise       ; mcd:pr_mcd|camino_mcd:cam|RD_N_pe:regb|s[1]       ;
; 0.615  ; 0.831        ; 0.216          ; High Pulse Width ; reloj ; Rise       ; mcd:pr_mcd|camino_mcd:cam|RD_N_pe:regb|s[2]       ;
; 0.615  ; 0.831        ; 0.216          ; High Pulse Width ; reloj ; Rise       ; mcd:pr_mcd|control:cnt|\reg_estado:v_estado.ESP   ;
; 0.628  ; 0.844        ; 0.216          ; High Pulse Width ; reloj ; Rise       ; mcd:pr_mcd|camino_mcd:cam|RD_N_pe:regb|s[3]       ;
; 0.628  ; 0.844        ; 0.216          ; High Pulse Width ; reloj ; Rise       ; mcd:pr_mcd|camino_mcd:cam|RD_N_pe:regb|s[4]       ;
; 0.628  ; 0.844        ; 0.216          ; High Pulse Width ; reloj ; Rise       ; mcd:pr_mcd|camino_mcd:cam|RD_N_pe:regb|s[5]       ;
; 0.628  ; 0.844        ; 0.216          ; High Pulse Width ; reloj ; Rise       ; mcd:pr_mcd|camino_mcd:cam|RD_N_pe:regb|s[6]       ;
; 0.631  ; 0.847        ; 0.216          ; High Pulse Width ; reloj ; Rise       ; mcd:pr_mcd|camino_mcd:cam|RD_N_pe:rega|s[5]       ;
; 0.631  ; 0.847        ; 0.216          ; High Pulse Width ; reloj ; Rise       ; mcd:pr_mcd|camino_mcd:cam|RD_N_pe:rega|s[7]       ;
; 0.631  ; 0.847        ; 0.216          ; High Pulse Width ; reloj ; Rise       ; mcd:pr_mcd|camino_mcd:cam|RD_N_pe:regb|s[7]       ;
; 0.638  ; 0.854        ; 0.216          ; High Pulse Width ; reloj ; Rise       ; mcd:pr_mcd|control:cnt|\reg_estado:v_estado.CALC  ;
; 0.638  ; 0.854        ; 0.216          ; High Pulse Width ; reloj ; Rise       ; mcd:pr_mcd|control:cnt|\reg_estado:v_estado.HECHO ;
; 0.835  ; 0.835        ; 0.000          ; High Pulse Width ; reloj ; Rise       ; pr_mcd|cam|rega|s[0]|clk                          ;
; 0.835  ; 0.835        ; 0.000          ; High Pulse Width ; reloj ; Rise       ; pr_mcd|cam|rega|s[1]|clk                          ;
; 0.835  ; 0.835        ; 0.000          ; High Pulse Width ; reloj ; Rise       ; pr_mcd|cam|rega|s[2]|clk                          ;
; 0.835  ; 0.835        ; 0.000          ; High Pulse Width ; reloj ; Rise       ; pr_mcd|cam|rega|s[3]|clk                          ;
; 0.835  ; 0.835        ; 0.000          ; High Pulse Width ; reloj ; Rise       ; pr_mcd|cam|rega|s[4]|clk                          ;
; 0.835  ; 0.835        ; 0.000          ; High Pulse Width ; reloj ; Rise       ; pr_mcd|cam|rega|s[6]|clk                          ;
; 0.835  ; 0.835        ; 0.000          ; High Pulse Width ; reloj ; Rise       ; pr_mcd|cam|regb|s[0]|clk                          ;
; 0.835  ; 0.835        ; 0.000          ; High Pulse Width ; reloj ; Rise       ; pr_mcd|cam|regb|s[1]|clk                          ;
; 0.835  ; 0.835        ; 0.000          ; High Pulse Width ; reloj ; Rise       ; pr_mcd|cam|regb|s[2]|clk                          ;
; 0.835  ; 0.835        ; 0.000          ; High Pulse Width ; reloj ; Rise       ; pr_mcd|cnt|\reg_estado:v_estado.ESP|clk           ;
; 0.848  ; 0.848        ; 0.000          ; High Pulse Width ; reloj ; Rise       ; pr_mcd|cam|regb|s[3]|clk                          ;
; 0.848  ; 0.848        ; 0.000          ; High Pulse Width ; reloj ; Rise       ; pr_mcd|cam|regb|s[4]|clk                          ;
; 0.848  ; 0.848        ; 0.000          ; High Pulse Width ; reloj ; Rise       ; pr_mcd|cam|regb|s[5]|clk                          ;
; 0.848  ; 0.848        ; 0.000          ; High Pulse Width ; reloj ; Rise       ; pr_mcd|cam|regb|s[6]|clk                          ;
; 0.851  ; 0.851        ; 0.000          ; High Pulse Width ; reloj ; Rise       ; pr_mcd|cam|rega|s[5]|clk                          ;
; 0.851  ; 0.851        ; 0.000          ; High Pulse Width ; reloj ; Rise       ; pr_mcd|cam|rega|s[7]|clk                          ;
; 0.851  ; 0.851        ; 0.000          ; High Pulse Width ; reloj ; Rise       ; pr_mcd|cam|regb|s[7]|clk                          ;
; 0.859  ; 0.859        ; 0.000          ; High Pulse Width ; reloj ; Rise       ; pr_mcd|cnt|\reg_estado:v_estado.CALC|clk          ;
+--------+--------------+----------------+------------------+-------+------------+---------------------------------------------------+


+------------------------------------------------------------------------------+
; Setup Times                                                                  ;
+------------------+------------+-------+-------+------------+-----------------+
; Data Port        ; Clock Port ; Rise  ; Fall  ; Clock Edge ; Clock Reference ;
+------------------+------------+-------+-------+------------+-----------------+
; pcero            ; reloj      ; 1.237 ; 1.369 ; Rise       ; reloj           ;
; pet_dv.dat_a[*]  ; reloj      ; 1.010 ; 1.682 ; Rise       ; reloj           ;
;  pet_dv.dat_a[0] ; reloj      ; 0.758 ; 1.345 ; Rise       ; reloj           ;
;  pet_dv.dat_a[1] ; reloj      ; 0.616 ; 1.197 ; Rise       ; reloj           ;
;  pet_dv.dat_a[2] ; reloj      ; 0.600 ; 1.167 ; Rise       ; reloj           ;
;  pet_dv.dat_a[3] ; reloj      ; 0.742 ; 1.340 ; Rise       ; reloj           ;
;  pet_dv.dat_a[4] ; reloj      ; 0.808 ; 1.400 ; Rise       ; reloj           ;
;  pet_dv.dat_a[5] ; reloj      ; 0.610 ; 1.202 ; Rise       ; reloj           ;
;  pet_dv.dat_a[6] ; reloj      ; 0.610 ; 1.184 ; Rise       ; reloj           ;
;  pet_dv.dat_a[7] ; reloj      ; 1.010 ; 1.682 ; Rise       ; reloj           ;
; pet_dv.dat_b[*]  ; reloj      ; 1.141 ; 1.794 ; Rise       ; reloj           ;
;  pet_dv.dat_b[0] ; reloj      ; 0.704 ; 1.289 ; Rise       ; reloj           ;
;  pet_dv.dat_b[1] ; reloj      ; 1.141 ; 1.794 ; Rise       ; reloj           ;
;  pet_dv.dat_b[2] ; reloj      ; 0.591 ; 1.172 ; Rise       ; reloj           ;
;  pet_dv.dat_b[3] ; reloj      ; 0.843 ; 1.490 ; Rise       ; reloj           ;
;  pet_dv.dat_b[4] ; reloj      ; 0.427 ; 1.001 ; Rise       ; reloj           ;
;  pet_dv.dat_b[5] ; reloj      ; 0.617 ; 1.209 ; Rise       ; reloj           ;
;  pet_dv.dat_b[6] ; reloj      ; 0.576 ; 1.175 ; Rise       ; reloj           ;
;  pet_dv.dat_b[7] ; reloj      ; 0.411 ; 0.992 ; Rise       ; reloj           ;
; pet_dv.val       ; reloj      ; 1.656 ; 2.310 ; Rise       ; reloj           ;
; resp_l.listo     ; reloj      ; 1.153 ; 1.811 ; Rise       ; reloj           ;
+------------------+------------+-------+-------+------------+-----------------+


+--------------------------------------------------------------------------------+
; Hold Times                                                                     ;
+------------------+------------+--------+--------+------------+-----------------+
; Data Port        ; Clock Port ; Rise   ; Fall   ; Clock Edge ; Clock Reference ;
+------------------+------------+--------+--------+------------+-----------------+
; pcero            ; reloj      ; -0.056 ; -0.232 ; Rise       ; reloj           ;
; pet_dv.dat_a[*]  ; reloj      ; -0.356 ; -0.922 ; Rise       ; reloj           ;
;  pet_dv.dat_a[0] ; reloj      ; -0.512 ; -1.093 ; Rise       ; reloj           ;
;  pet_dv.dat_a[1] ; reloj      ; -0.377 ; -0.952 ; Rise       ; reloj           ;
;  pet_dv.dat_a[2] ; reloj      ; -0.361 ; -0.922 ; Rise       ; reloj           ;
;  pet_dv.dat_a[3] ; reloj      ; -0.497 ; -1.088 ; Rise       ; reloj           ;
;  pet_dv.dat_a[4] ; reloj      ; -0.562 ; -1.147 ; Rise       ; reloj           ;
;  pet_dv.dat_a[5] ; reloj      ; -0.356 ; -0.941 ; Rise       ; reloj           ;
;  pet_dv.dat_a[6] ; reloj      ; -0.372 ; -0.939 ; Rise       ; reloj           ;
;  pet_dv.dat_a[7] ; reloj      ; -0.739 ; -1.401 ; Rise       ; reloj           ;
; pet_dv.dat_b[*]  ; reloj      ; -0.164 ; -0.739 ; Rise       ; reloj           ;
;  pet_dv.dat_b[0] ; reloj      ; -0.462 ; -1.040 ; Rise       ; reloj           ;
;  pet_dv.dat_b[1] ; reloj      ; -0.881 ; -1.524 ; Rise       ; reloj           ;
;  pet_dv.dat_b[2] ; reloj      ; -0.352 ; -0.926 ; Rise       ; reloj           ;
;  pet_dv.dat_b[3] ; reloj      ; -0.580 ; -1.217 ; Rise       ; reloj           ;
;  pet_dv.dat_b[4] ; reloj      ; -0.181 ; -0.749 ; Rise       ; reloj           ;
;  pet_dv.dat_b[5] ; reloj      ; -0.363 ; -0.948 ; Rise       ; reloj           ;
;  pet_dv.dat_b[6] ; reloj      ; -0.323 ; -0.915 ; Rise       ; reloj           ;
;  pet_dv.dat_b[7] ; reloj      ; -0.164 ; -0.739 ; Rise       ; reloj           ;
; pet_dv.val       ; reloj      ; -0.526 ; -1.143 ; Rise       ; reloj           ;
; resp_l.listo     ; reloj      ; -0.617 ; -1.222 ; Rise       ; reloj           ;
+------------------+------------+--------+--------+------------+-----------------+


+-----------------------------------------------------------------------------+
; Clock to Output Times                                                       ;
+-----------------+------------+-------+-------+------------+-----------------+
; Data Port       ; Clock Port ; Rise  ; Fall  ; Clock Edge ; Clock Reference ;
+-----------------+------------+-------+-------+------------+-----------------+
; pet_l.listo     ; reloj      ; 4.358 ; 4.387 ; Rise       ; reloj           ;
; resp_dv.dat[*]  ; reloj      ; 5.616 ; 5.703 ; Rise       ; reloj           ;
;  resp_dv.dat[0] ; reloj      ; 5.404 ; 5.470 ; Rise       ; reloj           ;
;  resp_dv.dat[1] ; reloj      ; 5.459 ; 5.526 ; Rise       ; reloj           ;
;  resp_dv.dat[2] ; reloj      ; 5.269 ; 5.326 ; Rise       ; reloj           ;
;  resp_dv.dat[3] ; reloj      ; 5.616 ; 5.703 ; Rise       ; reloj           ;
;  resp_dv.dat[4] ; reloj      ; 5.404 ; 5.489 ; Rise       ; reloj           ;
;  resp_dv.dat[5] ; reloj      ; 5.099 ; 5.144 ; Rise       ; reloj           ;
;  resp_dv.dat[6] ; reloj      ; 5.441 ; 5.502 ; Rise       ; reloj           ;
;  resp_dv.dat[7] ; reloj      ; 5.106 ; 5.151 ; Rise       ; reloj           ;
; resp_dv.val     ; reloj      ; 5.845 ; 6.054 ; Rise       ; reloj           ;
+-----------------+------------+-------+-------+------------+-----------------+


+-----------------------------------------------------------------------------+
; Minimum Clock to Output Times                                               ;
+-----------------+------------+-------+-------+------------+-----------------+
; Data Port       ; Clock Port ; Rise  ; Fall  ; Clock Edge ; Clock Reference ;
+-----------------+------------+-------+-------+------------+-----------------+
; pet_l.listo     ; reloj      ; 4.213 ; 4.242 ; Rise       ; reloj           ;
; resp_dv.dat[*]  ; reloj      ; 4.266 ; 4.353 ; Rise       ; reloj           ;
;  resp_dv.dat[0] ; reloj      ; 4.583 ; 4.716 ; Rise       ; reloj           ;
;  resp_dv.dat[1] ; reloj      ; 4.319 ; 4.437 ; Rise       ; reloj           ;
;  resp_dv.dat[2] ; reloj      ; 4.274 ; 4.382 ; Rise       ; reloj           ;
;  resp_dv.dat[3] ; reloj      ; 4.551 ; 4.699 ; Rise       ; reloj           ;
;  resp_dv.dat[4] ; reloj      ; 4.560 ; 4.685 ; Rise       ; reloj           ;
;  resp_dv.dat[5] ; reloj      ; 4.266 ; 4.353 ; Rise       ; reloj           ;
;  resp_dv.dat[6] ; reloj      ; 4.358 ; 4.464 ; Rise       ; reloj           ;
;  resp_dv.dat[7] ; reloj      ; 4.343 ; 4.440 ; Rise       ; reloj           ;
; resp_dv.val     ; reloj      ; 5.640 ; 5.830 ; Rise       ; reloj           ;
+-----------------+------------+-------+-------+------------+-----------------+


+----------------------------------------------------------+
; Propagation Delay                                        ;
+------------+-------------+-------+-------+-------+-------+
; Input Port ; Output Port ; RR    ; RF    ; FR    ; FF    ;
+------------+-------------+-------+-------+-------+-------+
; pcero      ; pet_l.listo ; 4.325 ;       ;       ; 4.575 ;
; pcero      ; resp_dv.val ;       ; 5.653 ; 5.671 ;       ;
+------------+-------------+-------+-------+-------+-------+


+----------------------------------------------------------+
; Minimum Propagation Delay                                ;
+------------+-------------+-------+-------+-------+-------+
; Input Port ; Output Port ; RR    ; RF    ; FR    ; FF    ;
+------------+-------------+-------+-------+-------+-------+
; pcero      ; pet_l.listo ; 4.187 ;       ;       ; 4.444 ;
; pcero      ; resp_dv.val ;       ; 5.497 ; 5.527 ;       ;
+------------+-------------+-------+-------+-------+-------+


---------------------------------------------
; Fast 1200mV 0C Model Metastability Report ;
---------------------------------------------
No synchronizer chains to report.


+-------------------------------------------------------------------------------+
; Multicorner Timing Analysis Summary                                           ;
+------------------+---------+-------+----------+---------+---------------------+
; Clock            ; Setup   ; Hold  ; Recovery ; Removal ; Minimum Pulse Width ;
+------------------+---------+-------+----------+---------+---------------------+
; Worst-case Slack ; -3.437  ; 0.170 ; N/A      ; N/A     ; -3.000              ;
;  reloj           ; -3.437  ; 0.170 ; N/A      ; N/A     ; -3.000              ;
; Design-wide TNS  ; -59.705 ; 0.0   ; 0.0      ; 0.0     ; -22.433             ;
;  reloj           ; -59.705 ; 0.000 ; N/A      ; N/A     ; -22.433             ;
+------------------+---------+-------+----------+---------+---------------------+


+------------------------------------------------------------------------------+
; Setup Times                                                                  ;
+------------------+------------+-------+-------+------------+-----------------+
; Data Port        ; Clock Port ; Rise  ; Fall  ; Clock Edge ; Clock Reference ;
+------------------+------------+-------+-------+------------+-----------------+
; pcero            ; reloj      ; 2.117 ; 2.074 ; Rise       ; reloj           ;
; pet_dv.dat_a[*]  ; reloj      ; 1.906 ; 2.432 ; Rise       ; reloj           ;
;  pet_dv.dat_a[0] ; reloj      ; 1.502 ; 1.915 ; Rise       ; reloj           ;
;  pet_dv.dat_a[1] ; reloj      ; 1.253 ; 1.683 ; Rise       ; reloj           ;
;  pet_dv.dat_a[2] ; reloj      ; 1.229 ; 1.638 ; Rise       ; reloj           ;
;  pet_dv.dat_a[3] ; reloj      ; 1.482 ; 1.917 ; Rise       ; reloj           ;
;  pet_dv.dat_a[4] ; reloj      ; 1.570 ; 1.989 ; Rise       ; reloj           ;
;  pet_dv.dat_a[5] ; reloj      ; 1.222 ; 1.633 ; Rise       ; reloj           ;
;  pet_dv.dat_a[6] ; reloj      ; 1.223 ; 1.651 ; Rise       ; reloj           ;
;  pet_dv.dat_a[7] ; reloj      ; 1.906 ; 2.432 ; Rise       ; reloj           ;
; pet_dv.dat_b[*]  ; reloj      ; 2.181 ; 2.651 ; Rise       ; reloj           ;
;  pet_dv.dat_b[0] ; reloj      ; 1.435 ; 1.845 ; Rise       ; reloj           ;
;  pet_dv.dat_b[1] ; reloj      ; 2.181 ; 2.651 ; Rise       ; reloj           ;
;  pet_dv.dat_b[2] ; reloj      ; 1.222 ; 1.650 ; Rise       ; reloj           ;
;  pet_dv.dat_b[3] ; reloj      ; 1.627 ; 2.100 ; Rise       ; reloj           ;
;  pet_dv.dat_b[4] ; reloj      ; 0.900 ; 1.323 ; Rise       ; reloj           ;
;  pet_dv.dat_b[5] ; reloj      ; 1.238 ; 1.652 ; Rise       ; reloj           ;
;  pet_dv.dat_b[6] ; reloj      ; 1.174 ; 1.607 ; Rise       ; reloj           ;
;  pet_dv.dat_b[7] ; reloj      ; 0.898 ; 1.327 ; Rise       ; reloj           ;
; pet_dv.val       ; reloj      ; 3.129 ; 3.597 ; Rise       ; reloj           ;
; resp_l.listo     ; reloj      ; 2.165 ; 2.644 ; Rise       ; reloj           ;
+------------------+------------+-------+-------+------------+-----------------+


+--------------------------------------------------------------------------------+
; Hold Times                                                                     ;
+------------------+------------+--------+--------+------------+-----------------+
; Data Port        ; Clock Port ; Rise   ; Fall   ; Clock Edge ; Clock Reference ;
+------------------+------------+--------+--------+------------+-----------------+
; pcero            ; reloj      ; -0.004 ; 0.030  ; Rise       ; reloj           ;
; pet_dv.dat_a[*]  ; reloj      ; -0.356 ; -0.922 ; Rise       ; reloj           ;
;  pet_dv.dat_a[0] ; reloj      ; -0.512 ; -1.093 ; Rise       ; reloj           ;
;  pet_dv.dat_a[1] ; reloj      ; -0.377 ; -0.952 ; Rise       ; reloj           ;
;  pet_dv.dat_a[2] ; reloj      ; -0.361 ; -0.922 ; Rise       ; reloj           ;
;  pet_dv.dat_a[3] ; reloj      ; -0.497 ; -1.088 ; Rise       ; reloj           ;
;  pet_dv.dat_a[4] ; reloj      ; -0.562 ; -1.147 ; Rise       ; reloj           ;
;  pet_dv.dat_a[5] ; reloj      ; -0.356 ; -0.938 ; Rise       ; reloj           ;
;  pet_dv.dat_a[6] ; reloj      ; -0.372 ; -0.939 ; Rise       ; reloj           ;
;  pet_dv.dat_a[7] ; reloj      ; -0.739 ; -1.401 ; Rise       ; reloj           ;
; pet_dv.dat_b[*]  ; reloj      ; -0.164 ; -0.666 ; Rise       ; reloj           ;
;  pet_dv.dat_b[0] ; reloj      ; -0.462 ; -1.040 ; Rise       ; reloj           ;
;  pet_dv.dat_b[1] ; reloj      ; -0.881 ; -1.524 ; Rise       ; reloj           ;
;  pet_dv.dat_b[2] ; reloj      ; -0.352 ; -0.926 ; Rise       ; reloj           ;
;  pet_dv.dat_b[3] ; reloj      ; -0.580 ; -1.217 ; Rise       ; reloj           ;
;  pet_dv.dat_b[4] ; reloj      ; -0.181 ; -0.668 ; Rise       ; reloj           ;
;  pet_dv.dat_b[5] ; reloj      ; -0.363 ; -0.948 ; Rise       ; reloj           ;
;  pet_dv.dat_b[6] ; reloj      ; -0.323 ; -0.908 ; Rise       ; reloj           ;
;  pet_dv.dat_b[7] ; reloj      ; -0.164 ; -0.666 ; Rise       ; reloj           ;
; pet_dv.val       ; reloj      ; -0.526 ; -1.143 ; Rise       ; reloj           ;
; resp_l.listo     ; reloj      ; -0.617 ; -1.222 ; Rise       ; reloj           ;
+------------------+------------+--------+--------+------------+-----------------+


+-----------------------------------------------------------------------------+
; Clock to Output Times                                                       ;
+-----------------+------------+-------+-------+------------+-----------------+
; Data Port       ; Clock Port ; Rise  ; Fall  ; Clock Edge ; Clock Reference ;
+-----------------+------------+-------+-------+------------+-----------------+
; pet_l.listo     ; reloj      ; 7.341 ; 7.228 ; Rise       ; reloj           ;
; resp_dv.dat[*]  ; reloj      ; 9.664 ; 9.633 ; Rise       ; reloj           ;
;  resp_dv.dat[0] ; reloj      ; 9.276 ; 9.238 ; Rise       ; reloj           ;
;  resp_dv.dat[1] ; reloj      ; 9.399 ; 9.355 ; Rise       ; reloj           ;
;  resp_dv.dat[2] ; reloj      ; 9.043 ; 8.989 ; Rise       ; reloj           ;
;  resp_dv.dat[3] ; reloj      ; 9.664 ; 9.633 ; Rise       ; reloj           ;
;  resp_dv.dat[4] ; reloj      ; 9.285 ; 9.244 ; Rise       ; reloj           ;
;  resp_dv.dat[5] ; reloj      ; 8.750 ; 8.700 ; Rise       ; reloj           ;
;  resp_dv.dat[6] ; reloj      ; 9.369 ; 9.327 ; Rise       ; reloj           ;
;  resp_dv.dat[7] ; reloj      ; 8.753 ; 8.709 ; Rise       ; reloj           ;
; resp_dv.val     ; reloj      ; 9.629 ; 9.797 ; Rise       ; reloj           ;
+-----------------+------------+-------+-------+------------+-----------------+


+-----------------------------------------------------------------------------+
; Minimum Clock to Output Times                                               ;
+-----------------+------------+-------+-------+------------+-----------------+
; Data Port       ; Clock Port ; Rise  ; Fall  ; Clock Edge ; Clock Reference ;
+-----------------+------------+-------+-------+------------+-----------------+
; pet_l.listo     ; reloj      ; 4.213 ; 4.242 ; Rise       ; reloj           ;
; resp_dv.dat[*]  ; reloj      ; 4.266 ; 4.353 ; Rise       ; reloj           ;
;  resp_dv.dat[0] ; reloj      ; 4.583 ; 4.716 ; Rise       ; reloj           ;
;  resp_dv.dat[1] ; reloj      ; 4.319 ; 4.437 ; Rise       ; reloj           ;
;  resp_dv.dat[2] ; reloj      ; 4.274 ; 4.382 ; Rise       ; reloj           ;
;  resp_dv.dat[3] ; reloj      ; 4.551 ; 4.699 ; Rise       ; reloj           ;
;  resp_dv.dat[4] ; reloj      ; 4.560 ; 4.685 ; Rise       ; reloj           ;
;  resp_dv.dat[5] ; reloj      ; 4.266 ; 4.353 ; Rise       ; reloj           ;
;  resp_dv.dat[6] ; reloj      ; 4.358 ; 4.464 ; Rise       ; reloj           ;
;  resp_dv.dat[7] ; reloj      ; 4.343 ; 4.440 ; Rise       ; reloj           ;
; resp_dv.val     ; reloj      ; 5.640 ; 5.830 ; Rise       ; reloj           ;
+-----------------+------------+-------+-------+------------+-----------------+


+----------------------------------------------------------+
; Progagation Delay                                        ;
+------------+-------------+-------+-------+-------+-------+
; Input Port ; Output Port ; RR    ; RF    ; FR    ; FF    ;
+------------+-------------+-------+-------+-------+-------+
; pcero      ; pet_l.listo ; 7.176 ;       ;       ; 7.121 ;
; pcero      ; resp_dv.val ;       ; 8.969 ; 8.863 ;       ;
+------------+-------------+-------+-------+-------+-------+


+----------------------------------------------------------+
; Minimum Progagation Delay                                ;
+------------+-------------+-------+-------+-------+-------+
; Input Port ; Output Port ; RR    ; RF    ; FR    ; FF    ;
+------------+-------------+-------+-------+-------+-------+
; pcero      ; pet_l.listo ; 4.187 ;       ;       ; 4.444 ;
; pcero      ; resp_dv.val ;       ; 5.497 ; 5.527 ;       ;
+------------+-------------+-------+-------+-------+-------+


+-------------------------------------------------------------------------------------------------------------------------------------------------------------------------------------------------------------------------------------------------------------------------------------------------------------------------------------------------------------------------------------------------------------------+
; Board Trace Model Assignments                                                                                                                                                                                                                                                                                                                                                                                     ;
+----------------+--------------+-------------------+-------------------------+-------------------------+---------------+---------------------+----------------+------------------+--------+------------------+------------------------+------------------------+--------------+---------------+-----------------+-------+---------------------+--------------------+---------------+-----------------+-------------+
; Pin            ; I/O Standard ; Near Tline Length ; Near Tline L per Length ; Near Tline C per Length ; Near Series R ; Near Differential R ; Near Pull-up R ; Near Pull-down R ; Near C ; Far Tline Length ; Far Tline L per Length ; Far Tline C per Length ; Far Series R ; Far Pull-up R ; Far Pull-down R ; Far C ; Termination Voltage ; Far Differential R ; EBD File Name ; EBD Signal Name ; EBD Far-end ;
+----------------+--------------+-------------------+-------------------------+-------------------------+---------------+---------------------+----------------+------------------+--------+------------------+------------------------+------------------------+--------------+---------------+-----------------+-------+---------------------+--------------------+---------------+-----------------+-------------+
; pet_l.listo    ; 2.5 V        ; 0 in              ; 0 H/in                  ; 0 F/in                  ; short         ; -                   ; open           ; open             ; open   ; 0 in             ; 0 H/in                 ; 0 F/in                 ; short        ; open          ; open            ; open  ; 0 V                 ; -                  ; n/a           ; n/a             ; n/a         ;
; resp_dv.val    ; 2.5 V        ; 0 in              ; 0 H/in                  ; 0 F/in                  ; short         ; -                   ; open           ; open             ; open   ; 0 in             ; 0 H/in                 ; 0 F/in                 ; short        ; open          ; open            ; open  ; 0 V                 ; -                  ; n/a           ; n/a             ; n/a         ;
; resp_dv.dat[0] ; 2.5 V        ; 0 in              ; 0 H/in                  ; 0 F/in                  ; short         ; -                   ; open           ; open             ; open   ; 0 in             ; 0 H/in                 ; 0 F/in                 ; short        ; open          ; open            ; open  ; 0 V                 ; -                  ; n/a           ; n/a             ; n/a         ;
; resp_dv.dat[1] ; 2.5 V        ; 0 in              ; 0 H/in                  ; 0 F/in                  ; short         ; -                   ; open           ; open             ; open   ; 0 in             ; 0 H/in                 ; 0 F/in                 ; short        ; open          ; open            ; open  ; 0 V                 ; -                  ; n/a           ; n/a             ; n/a         ;
; resp_dv.dat[2] ; 2.5 V        ; 0 in              ; 0 H/in                  ; 0 F/in                  ; short         ; -                   ; open           ; open             ; open   ; 0 in             ; 0 H/in                 ; 0 F/in                 ; short        ; open          ; open            ; open  ; 0 V                 ; -                  ; n/a           ; n/a             ; n/a         ;
; resp_dv.dat[3] ; 2.5 V        ; 0 in              ; 0 H/in                  ; 0 F/in                  ; short         ; -                   ; open           ; open             ; open   ; 0 in             ; 0 H/in                 ; 0 F/in                 ; short        ; open          ; open            ; open  ; 0 V                 ; -                  ; n/a           ; n/a             ; n/a         ;
; resp_dv.dat[4] ; 2.5 V        ; 0 in              ; 0 H/in                  ; 0 F/in                  ; short         ; -                   ; open           ; open             ; open   ; 0 in             ; 0 H/in                 ; 0 F/in                 ; short        ; open          ; open            ; open  ; 0 V                 ; -                  ; n/a           ; n/a             ; n/a         ;
; resp_dv.dat[5] ; 2.5 V        ; 0 in              ; 0 H/in                  ; 0 F/in                  ; short         ; -                   ; open           ; open             ; open   ; 0 in             ; 0 H/in                 ; 0 F/in                 ; short        ; open          ; open            ; open  ; 0 V                 ; -                  ; n/a           ; n/a             ; n/a         ;
; resp_dv.dat[6] ; 2.5 V        ; 0 in              ; 0 H/in                  ; 0 F/in                  ; short         ; -                   ; open           ; open             ; open   ; 0 in             ; 0 H/in                 ; 0 F/in                 ; short        ; open          ; open            ; open  ; 0 V                 ; -                  ; n/a           ; n/a             ; n/a         ;
; resp_dv.dat[7] ; 2.5 V        ; 0 in              ; 0 H/in                  ; 0 F/in                  ; short         ; -                   ; open           ; open             ; open   ; 0 in             ; 0 H/in                 ; 0 F/in                 ; short        ; open          ; open            ; open  ; 0 V                 ; -                  ; n/a           ; n/a             ; n/a         ;
; ~ALTERA_NCEO~  ; 2.5 V        ; 0 in              ; 0 H/in                  ; 0 F/in                  ; short         ; -                   ; open           ; open             ; open   ; 0 in             ; 0 H/in                 ; 0 F/in                 ; short        ; open          ; open            ; open  ; 0 V                 ; -                  ; n/a           ; n/a             ; n/a         ;
; ~ALTERA_DCLK~  ; 2.5 V        ; 0 in              ; 0 H/in                  ; 0 F/in                  ; short         ; -                   ; open           ; open             ; open   ; 0 in             ; 0 H/in                 ; 0 F/in                 ; short        ; open          ; open            ; open  ; 0 V                 ; -                  ; n/a           ; n/a             ; n/a         ;
+----------------+--------------+-------------------+-------------------------+-------------------------+---------------+---------------------+----------------+------------------+--------+------------------+------------------------+------------------------+--------------+---------------+-----------------+-------+---------------------+--------------------+---------------+-----------------+-------------+


+------------------------------------------------------------------------+
; Input Transition Times                                                 ;
+---------------------+--------------+-----------------+-----------------+
; Pin                 ; I/O Standard ; 10-90 Rise Time ; 90-10 Fall Time ;
+---------------------+--------------+-----------------+-----------------+
; pcero               ; 2.5 V        ; 2000 ps         ; 2000 ps         ;
; resp_l.listo        ; 2.5 V        ; 2000 ps         ; 2000 ps         ;
; pet_dv.val          ; 2.5 V        ; 2000 ps         ; 2000 ps         ;
; reloj               ; 2.5 V        ; 2000 ps         ; 2000 ps         ;
; pet_dv.dat_b[0]     ; 2.5 V        ; 2000 ps         ; 2000 ps         ;
; pet_dv.dat_a[0]     ; 2.5 V        ; 2000 ps         ; 2000 ps         ;
; pet_dv.dat_a[7]     ; 2.5 V        ; 2000 ps         ; 2000 ps         ;
; pet_dv.dat_b[7]     ; 2.5 V        ; 2000 ps         ; 2000 ps         ;
; pet_dv.dat_a[6]     ; 2.5 V        ; 2000 ps         ; 2000 ps         ;
; pet_dv.dat_b[6]     ; 2.5 V        ; 2000 ps         ; 2000 ps         ;
; pet_dv.dat_a[5]     ; 2.5 V        ; 2000 ps         ; 2000 ps         ;
; pet_dv.dat_b[5]     ; 2.5 V        ; 2000 ps         ; 2000 ps         ;
; pet_dv.dat_a[4]     ; 2.5 V        ; 2000 ps         ; 2000 ps         ;
; pet_dv.dat_b[4]     ; 2.5 V        ; 2000 ps         ; 2000 ps         ;
; pet_dv.dat_a[3]     ; 2.5 V        ; 2000 ps         ; 2000 ps         ;
; pet_dv.dat_b[3]     ; 2.5 V        ; 2000 ps         ; 2000 ps         ;
; pet_dv.dat_a[2]     ; 2.5 V        ; 2000 ps         ; 2000 ps         ;
; pet_dv.dat_b[2]     ; 2.5 V        ; 2000 ps         ; 2000 ps         ;
; pet_dv.dat_a[1]     ; 2.5 V        ; 2000 ps         ; 2000 ps         ;
; pet_dv.dat_b[1]     ; 2.5 V        ; 2000 ps         ; 2000 ps         ;
; ~ALTERA_DATA0~      ; 2.5 V        ; 2000 ps         ; 2000 ps         ;
; ~ALTERA_ASDO_DATA1~ ; 2.5 V        ; 2000 ps         ; 2000 ps         ;
; ~ALTERA_NCSO~       ; 2.5 V        ; 2000 ps         ; 2000 ps         ;
+---------------------+--------------+-----------------+-----------------+


+---------------------------------------------------------------------------------------------------------------------------------------------------------------------------------------------------------------------------------------------------------------------------------------------------------------------------------------------------------------------------------------------------------------------------------------------------------------------------------------------------------------------------------------------------------------------------------------------------------------------------------------------------------------------------------------------+
; Signal Integrity Metrics (Slow 1200mv 0c Model)                                                                                                                                                                                                                                                                                                                                                                                                                                                                                                                                                                                                                                             ;
+----------------+--------------+---------------------+---------------------+------------------------------+------------------------------+---------------------+---------------------+--------------------------------------+--------------------------------------+-----------------------------+-----------------------------+----------------------------+----------------------------+-----------------------------+-----------------------------+--------------------+--------------------+-------------------------------------+-------------------------------------+----------------------------+----------------------------+---------------------------+---------------------------+
; Pin            ; I/O Standard ; Board Delay on Rise ; Board Delay on Fall ; Steady State Voh at FPGA Pin ; Steady State Vol at FPGA Pin ; Voh Max at FPGA Pin ; Vol Min at FPGA Pin ; Ringback Voltage on Rise at FPGA Pin ; Ringback Voltage on Fall at FPGA Pin ; 10-90 Rise Time at FPGA Pin ; 90-10 Fall Time at FPGA Pin ; Monotonic Rise at FPGA Pin ; Monotonic Fall at FPGA Pin ; Steady State Voh at Far-end ; Steady State Vol at Far-end ; Voh Max at Far-end ; Vol Min at Far-end ; Ringback Voltage on Rise at Far-end ; Ringback Voltage on Fall at Far-end ; 10-90 Rise Time at Far-end ; 90-10 Fall Time at Far-end ; Monotonic Rise at Far-end ; Monotonic Fall at Far-end ;
+----------------+--------------+---------------------+---------------------+------------------------------+------------------------------+---------------------+---------------------+--------------------------------------+--------------------------------------+-----------------------------+-----------------------------+----------------------------+----------------------------+-----------------------------+-----------------------------+--------------------+--------------------+-------------------------------------+-------------------------------------+----------------------------+----------------------------+---------------------------+---------------------------+
; pet_l.listo    ; 2.5 V        ; 0 s                 ; 0 s                 ; 2.32 V                       ; 4.44e-09 V                   ; 2.38 V              ; -0.0145 V           ; 0.169 V                              ; 0.026 V                              ; 4.83e-10 s                  ; 4.71e-10 s                  ; Yes                        ; Yes                        ; 2.32 V                      ; 4.44e-09 V                  ; 2.38 V             ; -0.0145 V          ; 0.169 V                             ; 0.026 V                             ; 4.83e-10 s                 ; 4.71e-10 s                 ; Yes                       ; Yes                       ;
; resp_dv.val    ; 2.5 V        ; 0 s                 ; 0 s                 ; 2.32 V                       ; 4.44e-09 V                   ; 2.33 V              ; -0.00624 V          ; 0.185 V                              ; 0.097 V                              ; 2.82e-09 s                  ; 2.56e-09 s                  ; No                         ; Yes                        ; 2.32 V                      ; 4.44e-09 V                  ; 2.33 V             ; -0.00624 V         ; 0.185 V                             ; 0.097 V                             ; 2.82e-09 s                 ; 2.56e-09 s                 ; No                        ; Yes                       ;
; resp_dv.dat[0] ; 2.5 V        ; 0 s                 ; 0 s                 ; 2.32 V                       ; 4.44e-09 V                   ; 2.38 V              ; -0.0145 V           ; 0.169 V                              ; 0.026 V                              ; 4.83e-10 s                  ; 4.71e-10 s                  ; Yes                        ; Yes                        ; 2.32 V                      ; 4.44e-09 V                  ; 2.38 V             ; -0.0145 V          ; 0.169 V                             ; 0.026 V                             ; 4.83e-10 s                 ; 4.71e-10 s                 ; Yes                       ; Yes                       ;
; resp_dv.dat[1] ; 2.5 V        ; 0 s                 ; 0 s                 ; 2.32 V                       ; 4.44e-09 V                   ; 2.38 V              ; -0.0145 V           ; 0.169 V                              ; 0.026 V                              ; 4.83e-10 s                  ; 4.71e-10 s                  ; Yes                        ; Yes                        ; 2.32 V                      ; 4.44e-09 V                  ; 2.38 V             ; -0.0145 V          ; 0.169 V                             ; 0.026 V                             ; 4.83e-10 s                 ; 4.71e-10 s                 ; Yes                       ; Yes                       ;
; resp_dv.dat[2] ; 2.5 V        ; 0 s                 ; 0 s                 ; 2.32 V                       ; 4.44e-09 V                   ; 2.38 V              ; -0.0145 V           ; 0.169 V                              ; 0.026 V                              ; 4.83e-10 s                  ; 4.71e-10 s                  ; Yes                        ; Yes                        ; 2.32 V                      ; 4.44e-09 V                  ; 2.38 V             ; -0.0145 V          ; 0.169 V                             ; 0.026 V                             ; 4.83e-10 s                 ; 4.71e-10 s                 ; Yes                       ; Yes                       ;
; resp_dv.dat[3] ; 2.5 V        ; 0 s                 ; 0 s                 ; 2.32 V                       ; 4.44e-09 V                   ; 2.38 V              ; -0.0145 V           ; 0.169 V                              ; 0.026 V                              ; 4.83e-10 s                  ; 4.71e-10 s                  ; Yes                        ; Yes                        ; 2.32 V                      ; 4.44e-09 V                  ; 2.38 V             ; -0.0145 V          ; 0.169 V                             ; 0.026 V                             ; 4.83e-10 s                 ; 4.71e-10 s                 ; Yes                       ; Yes                       ;
; resp_dv.dat[4] ; 2.5 V        ; 0 s                 ; 0 s                 ; 2.32 V                       ; 4.44e-09 V                   ; 2.38 V              ; -0.0145 V           ; 0.169 V                              ; 0.026 V                              ; 4.83e-10 s                  ; 4.71e-10 s                  ; Yes                        ; Yes                        ; 2.32 V                      ; 4.44e-09 V                  ; 2.38 V             ; -0.0145 V          ; 0.169 V                             ; 0.026 V                             ; 4.83e-10 s                 ; 4.71e-10 s                 ; Yes                       ; Yes                       ;
; resp_dv.dat[5] ; 2.5 V        ; 0 s                 ; 0 s                 ; 2.32 V                       ; 4.44e-09 V                   ; 2.38 V              ; -0.0145 V           ; 0.169 V                              ; 0.026 V                              ; 4.83e-10 s                  ; 4.71e-10 s                  ; Yes                        ; Yes                        ; 2.32 V                      ; 4.44e-09 V                  ; 2.38 V             ; -0.0145 V          ; 0.169 V                             ; 0.026 V                             ; 4.83e-10 s                 ; 4.71e-10 s                 ; Yes                       ; Yes                       ;
; resp_dv.dat[6] ; 2.5 V        ; 0 s                 ; 0 s                 ; 2.32 V                       ; 4.44e-09 V                   ; 2.38 V              ; -0.0145 V           ; 0.169 V                              ; 0.026 V                              ; 4.83e-10 s                  ; 4.71e-10 s                  ; Yes                        ; Yes                        ; 2.32 V                      ; 4.44e-09 V                  ; 2.38 V             ; -0.0145 V          ; 0.169 V                             ; 0.026 V                             ; 4.83e-10 s                 ; 4.71e-10 s                 ; Yes                       ; Yes                       ;
; resp_dv.dat[7] ; 2.5 V        ; 0 s                 ; 0 s                 ; 2.32 V                       ; 4.44e-09 V                   ; 2.38 V              ; -0.0145 V           ; 0.169 V                              ; 0.026 V                              ; 4.83e-10 s                  ; 4.71e-10 s                  ; Yes                        ; Yes                        ; 2.32 V                      ; 4.44e-09 V                  ; 2.38 V             ; -0.0145 V          ; 0.169 V                             ; 0.026 V                             ; 4.83e-10 s                 ; 4.71e-10 s                 ; Yes                       ; Yes                       ;
; ~ALTERA_NCEO~  ; 2.5 V        ; 0 s                 ; 0 s                 ; 2.32 V                       ; 3.99e-09 V                   ; 2.53 V              ; -0.0412 V           ; 0.279 V                              ; 0.088 V                              ; 1.14e-10 s                  ; 2.15e-10 s                  ; No                         ; Yes                        ; 2.32 V                      ; 3.99e-09 V                  ; 2.53 V             ; -0.0412 V          ; 0.279 V                             ; 0.088 V                             ; 1.14e-10 s                 ; 2.15e-10 s                 ; No                        ; Yes                       ;
; ~ALTERA_DCLK~  ; 2.5 V        ; 0 s                 ; 0 s                 ; 2.32 V                       ; 5.21e-09 V                   ; 2.38 V              ; -0.0507 V           ; 0.161 V                              ; 0.093 V                              ; 2.91e-10 s                  ; 2.66e-10 s                  ; Yes                        ; Yes                        ; 2.32 V                      ; 5.21e-09 V                  ; 2.38 V             ; -0.0507 V          ; 0.161 V                             ; 0.093 V                             ; 2.91e-10 s                 ; 2.66e-10 s                 ; Yes                       ; Yes                       ;
+----------------+--------------+---------------------+---------------------+------------------------------+------------------------------+---------------------+---------------------+--------------------------------------+--------------------------------------+-----------------------------+-----------------------------+----------------------------+----------------------------+-----------------------------+-----------------------------+--------------------+--------------------+-------------------------------------+-------------------------------------+----------------------------+----------------------------+---------------------------+---------------------------+


+---------------------------------------------------------------------------------------------------------------------------------------------------------------------------------------------------------------------------------------------------------------------------------------------------------------------------------------------------------------------------------------------------------------------------------------------------------------------------------------------------------------------------------------------------------------------------------------------------------------------------------------------------------------------------------------------+
; Signal Integrity Metrics (Slow 1200mv 85c Model)                                                                                                                                                                                                                                                                                                                                                                                                                                                                                                                                                                                                                                            ;
+----------------+--------------+---------------------+---------------------+------------------------------+------------------------------+---------------------+---------------------+--------------------------------------+--------------------------------------+-----------------------------+-----------------------------+----------------------------+----------------------------+-----------------------------+-----------------------------+--------------------+--------------------+-------------------------------------+-------------------------------------+----------------------------+----------------------------+---------------------------+---------------------------+
; Pin            ; I/O Standard ; Board Delay on Rise ; Board Delay on Fall ; Steady State Voh at FPGA Pin ; Steady State Vol at FPGA Pin ; Voh Max at FPGA Pin ; Vol Min at FPGA Pin ; Ringback Voltage on Rise at FPGA Pin ; Ringback Voltage on Fall at FPGA Pin ; 10-90 Rise Time at FPGA Pin ; 90-10 Fall Time at FPGA Pin ; Monotonic Rise at FPGA Pin ; Monotonic Fall at FPGA Pin ; Steady State Voh at Far-end ; Steady State Vol at Far-end ; Voh Max at Far-end ; Vol Min at Far-end ; Ringback Voltage on Rise at Far-end ; Ringback Voltage on Fall at Far-end ; 10-90 Rise Time at Far-end ; 90-10 Fall Time at Far-end ; Monotonic Rise at Far-end ; Monotonic Fall at Far-end ;
+----------------+--------------+---------------------+---------------------+------------------------------+------------------------------+---------------------+---------------------+--------------------------------------+--------------------------------------+-----------------------------+-----------------------------+----------------------------+----------------------------+-----------------------------+-----------------------------+--------------------+--------------------+-------------------------------------+-------------------------------------+----------------------------+----------------------------+---------------------------+---------------------------+
; pet_l.listo    ; 2.5 V        ; 0 s                 ; 0 s                 ; 2.32 V                       ; 7.16e-07 V                   ; 2.35 V              ; -0.00832 V          ; 0.101 V                              ; 0.024 V                              ; 6.39e-10 s                  ; 6e-10 s                     ; Yes                        ; Yes                        ; 2.32 V                      ; 7.16e-07 V                  ; 2.35 V             ; -0.00832 V         ; 0.101 V                             ; 0.024 V                             ; 6.39e-10 s                 ; 6e-10 s                    ; Yes                       ; Yes                       ;
; resp_dv.val    ; 2.5 V        ; 0 s                 ; 0 s                 ; 2.32 V                       ; 7.16e-07 V                   ; 2.33 V              ; -0.00349 V          ; 0.163 V                              ; 0.074 V                              ; 3.33e-09 s                  ; 3.14e-09 s                  ; Yes                        ; Yes                        ; 2.32 V                      ; 7.16e-07 V                  ; 2.33 V             ; -0.00349 V         ; 0.163 V                             ; 0.074 V                             ; 3.33e-09 s                 ; 3.14e-09 s                 ; Yes                       ; Yes                       ;
; resp_dv.dat[0] ; 2.5 V        ; 0 s                 ; 0 s                 ; 2.32 V                       ; 7.16e-07 V                   ; 2.35 V              ; -0.00832 V          ; 0.101 V                              ; 0.024 V                              ; 6.39e-10 s                  ; 6e-10 s                     ; Yes                        ; Yes                        ; 2.32 V                      ; 7.16e-07 V                  ; 2.35 V             ; -0.00832 V         ; 0.101 V                             ; 0.024 V                             ; 6.39e-10 s                 ; 6e-10 s                    ; Yes                       ; Yes                       ;
; resp_dv.dat[1] ; 2.5 V        ; 0 s                 ; 0 s                 ; 2.32 V                       ; 7.16e-07 V                   ; 2.35 V              ; -0.00832 V          ; 0.101 V                              ; 0.024 V                              ; 6.39e-10 s                  ; 6e-10 s                     ; Yes                        ; Yes                        ; 2.32 V                      ; 7.16e-07 V                  ; 2.35 V             ; -0.00832 V         ; 0.101 V                             ; 0.024 V                             ; 6.39e-10 s                 ; 6e-10 s                    ; Yes                       ; Yes                       ;
; resp_dv.dat[2] ; 2.5 V        ; 0 s                 ; 0 s                 ; 2.32 V                       ; 7.16e-07 V                   ; 2.35 V              ; -0.00832 V          ; 0.101 V                              ; 0.024 V                              ; 6.39e-10 s                  ; 6e-10 s                     ; Yes                        ; Yes                        ; 2.32 V                      ; 7.16e-07 V                  ; 2.35 V             ; -0.00832 V         ; 0.101 V                             ; 0.024 V                             ; 6.39e-10 s                 ; 6e-10 s                    ; Yes                       ; Yes                       ;
; resp_dv.dat[3] ; 2.5 V        ; 0 s                 ; 0 s                 ; 2.32 V                       ; 7.16e-07 V                   ; 2.35 V              ; -0.00832 V          ; 0.101 V                              ; 0.024 V                              ; 6.39e-10 s                  ; 6e-10 s                     ; Yes                        ; Yes                        ; 2.32 V                      ; 7.16e-07 V                  ; 2.35 V             ; -0.00832 V         ; 0.101 V                             ; 0.024 V                             ; 6.39e-10 s                 ; 6e-10 s                    ; Yes                       ; Yes                       ;
; resp_dv.dat[4] ; 2.5 V        ; 0 s                 ; 0 s                 ; 2.32 V                       ; 7.16e-07 V                   ; 2.35 V              ; -0.00832 V          ; 0.101 V                              ; 0.024 V                              ; 6.39e-10 s                  ; 6e-10 s                     ; Yes                        ; Yes                        ; 2.32 V                      ; 7.16e-07 V                  ; 2.35 V             ; -0.00832 V         ; 0.101 V                             ; 0.024 V                             ; 6.39e-10 s                 ; 6e-10 s                    ; Yes                       ; Yes                       ;
; resp_dv.dat[5] ; 2.5 V        ; 0 s                 ; 0 s                 ; 2.32 V                       ; 7.16e-07 V                   ; 2.35 V              ; -0.00832 V          ; 0.101 V                              ; 0.024 V                              ; 6.39e-10 s                  ; 6e-10 s                     ; Yes                        ; Yes                        ; 2.32 V                      ; 7.16e-07 V                  ; 2.35 V             ; -0.00832 V         ; 0.101 V                             ; 0.024 V                             ; 6.39e-10 s                 ; 6e-10 s                    ; Yes                       ; Yes                       ;
; resp_dv.dat[6] ; 2.5 V        ; 0 s                 ; 0 s                 ; 2.32 V                       ; 7.16e-07 V                   ; 2.35 V              ; -0.00832 V          ; 0.101 V                              ; 0.024 V                              ; 6.39e-10 s                  ; 6e-10 s                     ; Yes                        ; Yes                        ; 2.32 V                      ; 7.16e-07 V                  ; 2.35 V             ; -0.00832 V         ; 0.101 V                             ; 0.024 V                             ; 6.39e-10 s                 ; 6e-10 s                    ; Yes                       ; Yes                       ;
; resp_dv.dat[7] ; 2.5 V        ; 0 s                 ; 0 s                 ; 2.32 V                       ; 7.16e-07 V                   ; 2.35 V              ; -0.00832 V          ; 0.101 V                              ; 0.024 V                              ; 6.39e-10 s                  ; 6e-10 s                     ; Yes                        ; Yes                        ; 2.32 V                      ; 7.16e-07 V                  ; 2.35 V             ; -0.00832 V         ; 0.101 V                             ; 0.024 V                             ; 6.39e-10 s                 ; 6e-10 s                    ; Yes                       ; Yes                       ;
; ~ALTERA_NCEO~  ; 2.5 V        ; 0 s                 ; 0 s                 ; 2.32 V                       ; 6.99e-07 V                   ; 2.39 V              ; -0.0291 V           ; 0.081 V                              ; 0.039 V                              ; 1.9e-10 s                   ; 2.97e-10 s                  ; Yes                        ; Yes                        ; 2.32 V                      ; 6.99e-07 V                  ; 2.39 V             ; -0.0291 V          ; 0.081 V                             ; 0.039 V                             ; 1.9e-10 s                  ; 2.97e-10 s                 ; Yes                       ; Yes                       ;
; ~ALTERA_DCLK~  ; 2.5 V        ; 0 s                 ; 0 s                 ; 2.32 V                       ; 8.5e-07 V                    ; 2.35 V              ; -0.0159 V           ; 0.081 V                              ; 0.032 V                              ; 4.24e-10 s                  ; 3.5e-10 s                   ; Yes                        ; Yes                        ; 2.32 V                      ; 8.5e-07 V                   ; 2.35 V             ; -0.0159 V          ; 0.081 V                             ; 0.032 V                             ; 4.24e-10 s                 ; 3.5e-10 s                  ; Yes                       ; Yes                       ;
+----------------+--------------+---------------------+---------------------+------------------------------+------------------------------+---------------------+---------------------+--------------------------------------+--------------------------------------+-----------------------------+-----------------------------+----------------------------+----------------------------+-----------------------------+-----------------------------+--------------------+--------------------+-------------------------------------+-------------------------------------+----------------------------+----------------------------+---------------------------+---------------------------+


+---------------------------------------------------------------------------------------------------------------------------------------------------------------------------------------------------------------------------------------------------------------------------------------------------------------------------------------------------------------------------------------------------------------------------------------------------------------------------------------------------------------------------------------------------------------------------------------------------------------------------------------------------------------------------------------------+
; Signal Integrity Metrics (Fast 1200mv 0c Model)                                                                                                                                                                                                                                                                                                                                                                                                                                                                                                                                                                                                                                             ;
+----------------+--------------+---------------------+---------------------+------------------------------+------------------------------+---------------------+---------------------+--------------------------------------+--------------------------------------+-----------------------------+-----------------------------+----------------------------+----------------------------+-----------------------------+-----------------------------+--------------------+--------------------+-------------------------------------+-------------------------------------+----------------------------+----------------------------+---------------------------+---------------------------+
; Pin            ; I/O Standard ; Board Delay on Rise ; Board Delay on Fall ; Steady State Voh at FPGA Pin ; Steady State Vol at FPGA Pin ; Voh Max at FPGA Pin ; Vol Min at FPGA Pin ; Ringback Voltage on Rise at FPGA Pin ; Ringback Voltage on Fall at FPGA Pin ; 10-90 Rise Time at FPGA Pin ; 90-10 Fall Time at FPGA Pin ; Monotonic Rise at FPGA Pin ; Monotonic Fall at FPGA Pin ; Steady State Voh at Far-end ; Steady State Vol at Far-end ; Voh Max at Far-end ; Vol Min at Far-end ; Ringback Voltage on Rise at Far-end ; Ringback Voltage on Fall at Far-end ; 10-90 Rise Time at Far-end ; 90-10 Fall Time at Far-end ; Monotonic Rise at Far-end ; Monotonic Fall at Far-end ;
+----------------+--------------+---------------------+---------------------+------------------------------+------------------------------+---------------------+---------------------+--------------------------------------+--------------------------------------+-----------------------------+-----------------------------+----------------------------+----------------------------+-----------------------------+-----------------------------+--------------------+--------------------+-------------------------------------+-------------------------------------+----------------------------+----------------------------+---------------------------+---------------------------+
; pet_l.listo    ; 2.5 V        ; 0 s                 ; 0 s                 ; 2.62 V                       ; 2.74e-08 V                   ; 2.71 V              ; -0.0317 V           ; 0.148 V                              ; 0.064 V                              ; 4.51e-10 s                  ; 4.15e-10 s                  ; No                         ; Yes                        ; 2.62 V                      ; 2.74e-08 V                  ; 2.71 V             ; -0.0317 V          ; 0.148 V                             ; 0.064 V                             ; 4.51e-10 s                 ; 4.15e-10 s                 ; No                        ; Yes                       ;
; resp_dv.val    ; 2.5 V        ; 0 s                 ; 0 s                 ; 2.62 V                       ; 2.74e-08 V                   ; 2.64 V              ; -0.0117 V           ; 0.202 V                              ; 0.176 V                              ; 2.38e-09 s                  ; 2.22e-09 s                  ; No                         ; Yes                        ; 2.62 V                      ; 2.74e-08 V                  ; 2.64 V             ; -0.0117 V          ; 0.202 V                             ; 0.176 V                             ; 2.38e-09 s                 ; 2.22e-09 s                 ; No                        ; Yes                       ;
; resp_dv.dat[0] ; 2.5 V        ; 0 s                 ; 0 s                 ; 2.62 V                       ; 2.74e-08 V                   ; 2.71 V              ; -0.0317 V           ; 0.148 V                              ; 0.064 V                              ; 4.51e-10 s                  ; 4.15e-10 s                  ; No                         ; Yes                        ; 2.62 V                      ; 2.74e-08 V                  ; 2.71 V             ; -0.0317 V          ; 0.148 V                             ; 0.064 V                             ; 4.51e-10 s                 ; 4.15e-10 s                 ; No                        ; Yes                       ;
; resp_dv.dat[1] ; 2.5 V        ; 0 s                 ; 0 s                 ; 2.62 V                       ; 2.74e-08 V                   ; 2.71 V              ; -0.0317 V           ; 0.148 V                              ; 0.064 V                              ; 4.51e-10 s                  ; 4.15e-10 s                  ; No                         ; Yes                        ; 2.62 V                      ; 2.74e-08 V                  ; 2.71 V             ; -0.0317 V          ; 0.148 V                             ; 0.064 V                             ; 4.51e-10 s                 ; 4.15e-10 s                 ; No                        ; Yes                       ;
; resp_dv.dat[2] ; 2.5 V        ; 0 s                 ; 0 s                 ; 2.62 V                       ; 2.74e-08 V                   ; 2.71 V              ; -0.0317 V           ; 0.148 V                              ; 0.064 V                              ; 4.51e-10 s                  ; 4.15e-10 s                  ; No                         ; Yes                        ; 2.62 V                      ; 2.74e-08 V                  ; 2.71 V             ; -0.0317 V          ; 0.148 V                             ; 0.064 V                             ; 4.51e-10 s                 ; 4.15e-10 s                 ; No                        ; Yes                       ;
; resp_dv.dat[3] ; 2.5 V        ; 0 s                 ; 0 s                 ; 2.62 V                       ; 2.74e-08 V                   ; 2.71 V              ; -0.0317 V           ; 0.148 V                              ; 0.064 V                              ; 4.51e-10 s                  ; 4.15e-10 s                  ; No                         ; Yes                        ; 2.62 V                      ; 2.74e-08 V                  ; 2.71 V             ; -0.0317 V          ; 0.148 V                             ; 0.064 V                             ; 4.51e-10 s                 ; 4.15e-10 s                 ; No                        ; Yes                       ;
; resp_dv.dat[4] ; 2.5 V        ; 0 s                 ; 0 s                 ; 2.62 V                       ; 2.74e-08 V                   ; 2.71 V              ; -0.0317 V           ; 0.148 V                              ; 0.064 V                              ; 4.51e-10 s                  ; 4.15e-10 s                  ; No                         ; Yes                        ; 2.62 V                      ; 2.74e-08 V                  ; 2.71 V             ; -0.0317 V          ; 0.148 V                             ; 0.064 V                             ; 4.51e-10 s                 ; 4.15e-10 s                 ; No                        ; Yes                       ;
; resp_dv.dat[5] ; 2.5 V        ; 0 s                 ; 0 s                 ; 2.62 V                       ; 2.74e-08 V                   ; 2.71 V              ; -0.0317 V           ; 0.148 V                              ; 0.064 V                              ; 4.51e-10 s                  ; 4.15e-10 s                  ; No                         ; Yes                        ; 2.62 V                      ; 2.74e-08 V                  ; 2.71 V             ; -0.0317 V          ; 0.148 V                             ; 0.064 V                             ; 4.51e-10 s                 ; 4.15e-10 s                 ; No                        ; Yes                       ;
; resp_dv.dat[6] ; 2.5 V        ; 0 s                 ; 0 s                 ; 2.62 V                       ; 2.74e-08 V                   ; 2.71 V              ; -0.0317 V           ; 0.148 V                              ; 0.064 V                              ; 4.51e-10 s                  ; 4.15e-10 s                  ; No                         ; Yes                        ; 2.62 V                      ; 2.74e-08 V                  ; 2.71 V             ; -0.0317 V          ; 0.148 V                             ; 0.064 V                             ; 4.51e-10 s                 ; 4.15e-10 s                 ; No                        ; Yes                       ;
; resp_dv.dat[7] ; 2.5 V        ; 0 s                 ; 0 s                 ; 2.62 V                       ; 2.74e-08 V                   ; 2.71 V              ; -0.0317 V           ; 0.148 V                              ; 0.064 V                              ; 4.51e-10 s                  ; 4.15e-10 s                  ; No                         ; Yes                        ; 2.62 V                      ; 2.74e-08 V                  ; 2.71 V             ; -0.0317 V          ; 0.148 V                             ; 0.064 V                             ; 4.51e-10 s                 ; 4.15e-10 s                 ; No                        ; Yes                       ;
; ~ALTERA_NCEO~  ; 2.5 V        ; 0 s                 ; 0 s                 ; 2.62 V                       ; 2.65e-08 V                   ; 3.12 V              ; -0.147 V            ; 0.571 V                              ; 0.186 V                              ; 8.91e-11 s                  ; 1.76e-10 s                  ; No                         ; Yes                        ; 2.62 V                      ; 2.65e-08 V                  ; 3.12 V             ; -0.147 V           ; 0.571 V                             ; 0.186 V                             ; 8.91e-11 s                 ; 1.76e-10 s                 ; No                        ; Yes                       ;
; ~ALTERA_DCLK~  ; 2.5 V        ; 0 s                 ; 0 s                 ; 2.62 V                       ; 3.26e-08 V                   ; 2.73 V              ; -0.0622 V           ; 0.148 V                              ; 0.088 V                              ; 2.68e-10 s                  ; 2.25e-10 s                  ; Yes                        ; Yes                        ; 2.62 V                      ; 3.26e-08 V                  ; 2.73 V             ; -0.0622 V          ; 0.148 V                             ; 0.088 V                             ; 2.68e-10 s                 ; 2.25e-10 s                 ; Yes                       ; Yes                       ;
+----------------+--------------+---------------------+---------------------+------------------------------+------------------------------+---------------------+---------------------+--------------------------------------+--------------------------------------+-----------------------------+-----------------------------+----------------------------+----------------------------+-----------------------------+-----------------------------+--------------------+--------------------+-------------------------------------+-------------------------------------+----------------------------+----------------------------+---------------------------+---------------------------+


+-------------------------------------------------------------------+
; Setup Transfers                                                   ;
+------------+----------+----------+----------+----------+----------+
; From Clock ; To Clock ; RR Paths ; FR Paths ; RF Paths ; FF Paths ;
+------------+----------+----------+----------+----------+----------+
; reloj      ; reloj    ; 4235     ; 0        ; 0        ; 0        ;
+------------+----------+----------+----------+----------+----------+
Entries labeled "false path" only account for clock-to-clock false paths and not path-based false paths. As a result, actual path counts may be lower than reported.


+-------------------------------------------------------------------+
; Hold Transfers                                                    ;
+------------+----------+----------+----------+----------+----------+
; From Clock ; To Clock ; RR Paths ; FR Paths ; RF Paths ; FF Paths ;
+------------+----------+----------+----------+----------+----------+
; reloj      ; reloj    ; 4235     ; 0        ; 0        ; 0        ;
+------------+----------+----------+----------+----------+----------+
Entries labeled "false path" only account for clock-to-clock false paths and not path-based false paths. As a result, actual path counts may be lower than reported.


---------------
; Report TCCS ;
---------------
No dedicated SERDES Transmitter circuitry present in device or used in design


---------------
; Report RSKM ;
---------------
No dedicated SERDES Receiver circuitry present in device or used in design


+------------------------------------------------+
; Unconstrained Paths                            ;
+---------------------------------+-------+------+
; Property                        ; Setup ; Hold ;
+---------------------------------+-------+------+
; Illegal Clocks                  ; 0     ; 0    ;
; Unconstrained Clocks            ; 0     ; 0    ;
; Unconstrained Input Ports       ; 19    ; 19   ;
; Unconstrained Input Port Paths  ; 59    ; 59   ;
; Unconstrained Output Ports      ; 10    ; 10   ;
; Unconstrained Output Port Paths ; 132   ; 132  ;
+---------------------------------+-------+------+


+------------------------------------+
; TimeQuest Timing Analyzer Messages ;
+------------------------------------+
Info: *******************************************************************
Info: Running Quartus II 64-Bit TimeQuest Timing Analyzer
    Info: Version 13.0.1 Build 232 06/12/2013 Service Pack 1 SJ Web Edition
    Info: Processing started: Wed Sep  9 12:55:46 2026
Info: Command: quartus_sta etapa_mcd -c etapa_mcd
Info: qsta_default_script.tcl version: #1
Warning (20028): Parallel compilation is not licensed and has been disabled
Info (21077): Core supply voltage is 1.2V
Info (21077): Low junction temperature is 0 degrees C
Info (21077): High junction temperature is 85 degrees C
Critical Warning (332012): Synopsys Design Constraints File file not found: 'etapa_mcd.sdc'. A Synopsys Design Constraints File is required by the TimeQuest Timing Analyzer to get proper timing constraints. Without it, the Compiler will not properly optimize the design.
Info (332142): No user constrained base clocks found in the design. Calling "derive_clocks -period 1.0"
Info (332105): Deriving Clocks
    Info (332105): create_clock -period 1.000 -name reloj reloj
Info (332143): No user constrained clock uncertainty found in the design. Calling "derive_clock_uncertainty"
Info (332123): Deriving Clock Uncertainty. Please refer to report_sdc in TimeQuest to see clock uncertainties.
Info: Found TIMEQUEST_REPORT_SCRIPT_INCLUDE_DEFAULT_ANALYSIS = ON
Info: Analyzing Slow 1200mV 85C Model
Critical Warning (332148): Timing requirements not met
    Info (11105): For recommendations on closing timing, run Report Timing Closure Recommendations in the TimeQuest Timing Analyzer.
Info (332146): Worst-case setup slack is -3.437
    Info (332119):     Slack End Point TNS Clock 
    Info (332119): ========= ============= =====================
    Info (332119):    -3.437       -59.705 reloj 
Info (332146): Worst-case hold slack is 0.330
    Info (332119):     Slack End Point TNS Clock 
    Info (332119): ========= ============= =====================
    Info (332119):     0.330         0.000 reloj 
Info (332140): No Recovery paths to report
Info (332140): No Removal paths to report
Info (332146): Worst-case minimum pulse width slack is -3.000
    Info (332119):     Slack End Point TNS Clock 
    Info (332119): ========= ============= =====================
    Info (332119):    -3.000       -22.000 reloj 
Info: Analyzing Slow 1200mV 0C Model
Info (334003): Started post-fitting delay annotation
Info (334004): Delay annotation completed successfully
Info (332123): Deriving Clock Uncertainty. Please refer to report_sdc in TimeQuest to see clock uncertainties.
Critical Warning (332148): Timing requirements not met
    Info (11105): For recommendations on closing timing, run Report Timing Closure Recommendations in the TimeQuest Timing Analyzer.
Info (332146): Worst-case setup slack is -2.999
    Info (332119):     Slack End Point TNS Clock 
    Info (332119): ========= ============= =====================
    Info (332119):    -2.999       -51.908 reloj 
Info (332146): Worst-case hold slack is 0.287
    Info (332119):     Slack End Point TNS Clock 
    Info (332119): ========= ============= =====================
    Info (332119):     0.287         0.000 reloj 
Info (332140): No Recovery paths to report
Info (332140): No Removal paths to report
Info (332146): Worst-case minimum pulse width slack is -3.000
    Info (332119):     Slack End Point TNS Clock 
    Info (332119): ========= ============= =====================
    Info (332119):    -3.000       -22.000 reloj 
Info: Analyzing Fast 1200mV 0C Model
Info (332123): Deriving Clock Uncertainty. Please refer to report_sdc in TimeQuest to see clock uncertainties.
Critical Warning (332148): Timing requirements not met
    Info (11105): For recommendations on closing timing, run Report Timing Closure Recommendations in the TimeQuest Timing Analyzer.
Info (332146): Worst-case setup slack is -1.428
    Info (332119):     Slack End Point TNS Clock 
    Info (332119): ========= ============= =====================
    Info (332119):    -1.428       -24.329 reloj 
Info (332146): Worst-case hold slack is 0.170
    Info (332119):     Slack End Point TNS Clock 
    Info (332119): ========= ============= =====================
    Info (332119):     0.170         0.000 reloj 
Info (332140): No Recovery paths to report
Info (332140): No Removal paths to report
Info (332146): Worst-case minimum pulse width slack is -3.000
    Info (332119):     Slack End Point TNS Clock 
    Info (332119): ========= ============= =====================
    Info (332119):    -3.000       -22.433 reloj 
Info (332102): Design is not fully constrained for setup requirements
Info (332102): Design is not fully constrained for hold requirements
Info: Quartus II 64-Bit TimeQuest Timing Analyzer was successful. 0 errors, 5 warnings
    Info: Peak virtual memory: 584 megabytes
    Info: Processing ended: Wed Sep  9 12:55:49 2026
    Info: Elapsed time: 00:00:03
    Info: Total CPU time (on all processors): 00:00:02


